date,Facebook
2012-01-01,96
2012-01-02,100
2012-01-03,88
2012-01-04,91
2012-01-05,90
2012-01-06,93
2012-01-07,94
2012-01-08,83
2012-01-09,91
2012-01-10,93
2012-01-11,94
2012-01-12,89
2012-01-13,91
2012-01-14,92
2012-01-15,89
2012-01-16,92
2012-01-17,95
2012-01-18,92
2012-01-19,93
2012-01-20,96
2012-01-21,92
2012-01-22,86
2012-01-23,93
2012-01-24,91
2012-01-25,93
2012-01-26,96
2012-01-27,95
2012-01-28,91
2012-01-29,86
2012-01-30,91
2012-01-31,94
2012-02-01,90
2012-02-02,93
2012-02-03,93
2012-02-04,92
2012-02-05,86
2012-02-06,92
2012-02-07,94
2012-02-08,94
2012-02-09,93
2012-02-10,93
2012-02-11,94
2012-02-12,83
2012-02-13,87
2012-02-14,94
2012-02-15,95
2012-02-16,99
2012-02-17,94
2012-02-18,94
2012-02-19,86
2012-02-20,94
2012-02-21,88
2012-02-22,93
2012-02-23,100
2012-02-24,98
2012-02-25,94
2012-02-26,88
2012-02-27,90
2012-02-28,92
2012-02-29,95
2012-03-01,96
2012-03-02,94
2012-03-03,91
2012-03-04,88
2012-03-05,90
2012-03-06,97
2012-03-07,100
2012-03-08,91
2012-03-09,95
2012-03-10,90
2012-03-11,83
2012-03-12,94
2012-03-13,91
2012-03-14,91
2012-03-15,93
2012-03-16,92
2012-03-17,92
2012-03-18,84
2012-03-19,87
2012-03-20,91
2012-03-21,92
2012-03-22,91
2012-03-23,95
2012-03-24,90
2012-03-25,79
2012-03-26,89
2012-03-27,85
2012-03-28,91
2012-03-29,89
2012-03-30,92
2012-03-31,87
2012-04-01,90
2012-04-02,93
2012-04-03,96
2012-04-04,99
2012-04-05,90
2012-04-06,91
2012-04-07,92
2012-04-08,92
2012-04-09,92
2012-04-10,100
2012-04-11,96
2012-04-12,96
2012-04-13,98
2012-04-14,92
2012-04-15,89
2012-04-16,95
2012-04-17,99
2012-04-18,96
2012-04-19,96
2012-04-20,100
2012-04-21,93
2012-04-22,92
2012-04-23,94
2012-04-24,97
2012-04-25,93
2012-04-26,97
2012-04-27,97
2012-04-28,91
2012-04-29,90
2012-04-30,94
2012-05-01,87
2012-05-02,92
2012-05-03,93
2012-05-04,95
2012-05-05,95
2012-05-06,86
2012-05-07,98
2012-05-08,92
2012-05-09,94
2012-05-10,97
2012-05-11,96
2012-05-12,96
2012-05-13,92
2012-05-14,95
2012-05-15,94
2012-05-16,97
2012-05-17,97
2012-05-18,97
2012-05-19,93
2012-05-20,87
2012-05-21,93
2012-05-22,92
2012-05-23,98
2012-05-24,96
2012-05-25,98
2012-05-26,100
2012-05-27,91
2012-05-28,99
2012-05-29,100
2012-05-30,95
2012-05-31,95
2012-06-01,99
2012-06-02,92
2012-06-03,90
2012-06-04,95
2012-06-05,95
2012-06-06,94
2012-06-07,95
2012-06-08,96
2012-06-09,95
2012-06-10,89
2012-06-11,99
2012-06-12,99
2012-06-13,97
2012-06-14,100
2012-06-15,98
2012-06-16,97
2012-06-17,93
2012-06-18,96
2012-06-19,96
2012-06-20,97
2012-06-21,97
2012-06-22,94
2012-06-23,96
2012-06-24,87
2012-06-25,99
2012-06-26,97
2012-06-27,97
2012-06-28,99
2012-06-29,96
2012-06-30,97
2012-07-01,89
2012-07-02,92
2012-07-03,92
2012-07-04,96
2012-07-05,97
2012-07-06,92
2012-07-07,92
2012-07-08,89
2012-07-09,92
2012-07-10,93
2012-07-11,100
2012-07-12,98
2012-07-13,94
2012-07-14,91
2012-07-15,90
2012-07-16,91
2012-07-17,93
2012-07-18,92
2012-07-19,94
2012-07-20,94
2012-07-21,91
2012-07-22,92
2012-07-23,95
2012-07-24,93
2012-07-25,95
2012-07-26,92
2012-07-27,92
2012-07-28,91
2012-07-29,85
2012-07-30,90
2012-07-31,89
2012-08-01,97
2012-08-02,97
2012-08-03,95
2012-08-04,93
2012-08-05,88
2012-08-06,96
2012-08-07,91
2012-08-08,97
2012-08-09,97
2012-08-10,96
2012-08-11,90
2012-08-12,88
2012-08-13,97
2012-08-14,95
2012-08-15,89
2012-08-16,99
2012-08-17,97
2012-08-18,94
2012-08-19,93
2012-08-20,98
2012-08-21,98
2012-08-22,97
2012-08-23,95
2012-08-24,99
2012-08-25,94
2012-08-26,90
2012-08-27,100
2012-08-28,94
2012-08-29,95
2012-08-30,96
2012-08-31,97
2012-09-01,95
2012-09-02,92
2012-09-03,98
2012-09-04,91
2012-09-05,96
2012-09-06,96
2012-09-07,100
2012-09-08,97
2012-09-09,92
2012-09-10,97
2012-09-11,98
2012-09-12,97
2012-09-13,99
2012-09-14,95
2012-09-15,94
2012-09-16,87
2012-09-17,96
2012-09-18,98
2012-09-19,97
2012-09-20,95
2012-09-21,98
2012-09-22,100
2012-09-23,89
2012-09-24,96
2012-09-25,96
2012-09-26,98
2012-09-27,92
2012-09-28,98
2012-09-29,92
2012-09-30,88
2012-10-01,69
2012-10-02,71
2012-10-03,71
2012-10-04,87
2012-10-05,92
2012-10-06,89
2012-10-07,83
2012-10-08,92
2012-10-09,100
2012-10-10,98
2012-10-11,98
2012-10-12,93
2012-10-13,95
2012-10-14,89
2012-10-15,96
2012-10-16,97
2012-10-17,98
2012-10-18,98
2012-10-19,98
2012-10-20,91
2012-10-21,88
2012-10-22,97
2012-10-23,97
2012-10-24,98
2012-10-25,98
2012-10-26,96
2012-10-27,92
2012-10-28,87
2012-10-29,93
2012-10-30,94
2012-10-31,98
2012-11-01,96
2012-11-02,94
2012-11-03,87
2012-11-04,88
2012-11-05,97
2012-11-06,92
2012-11-07,91
2012-11-08,97
2012-11-09,98
2012-11-10,90
2012-11-11,83
2012-11-12,94
2012-11-13,93
2012-11-14,98
2012-11-15,93
2012-11-16,96
2012-11-17,90
2012-11-18,82
2012-11-19,94
2012-11-20,94
2012-11-21,96
2012-11-22,100
2012-11-23,97
2012-11-24,90
2012-11-25,86
2012-11-26,90
2012-11-27,93
2012-11-28,95
2012-11-29,93
2012-11-30,95
2012-12-01,86
2012-12-02,82
2012-12-03,90
2012-12-04,88
2012-12-05,89
2012-12-06,89
2012-12-07,90
2012-12-08,85
2012-12-09,79
2012-12-10,96
2012-12-11,90
2012-12-12,88
2012-12-13,92
2012-12-14,94
2012-12-15,86
2012-12-16,82
2012-12-17,89
2012-12-18,91
2012-12-19,96
2012-12-20,92
2012-12-21,93
2012-12-22,89
2012-12-23,86
2012-12-24,92
2012-12-25,98
2012-12-26,100
2012-12-27,96
2012-12-28,95
2012-12-29,90
2012-12-30,83
2012-12-31,91
2013-01-01,98
2013-01-02,100
2013-01-03,100
2013-01-04,99
2013-01-05,93
2013-01-06,90
2013-01-07,94
2013-01-08,97
2013-01-09,97
2013-01-10,92
2013-01-11,93
2013-01-12,94
2013-01-13,87
2013-01-14,90
2013-01-15,97
2013-01-16,94
2013-01-17,93
2013-01-18,96
2013-01-19,92
2013-01-20,83
2013-01-21,91
2013-01-22,96
2013-01-23,93
2013-01-24,96
2013-01-25,93
2013-01-26,90
2013-01-27,84
2013-01-28,94
2013-01-29,94
2013-01-30,90
2013-01-31,91
2013-02-01,98
2013-02-02,93
2013-02-03,85
2013-02-04,97
2013-02-05,95
2013-02-06,98
2013-02-07,98
2013-02-08,100
2013-02-09,92
2013-02-10,89
2013-02-11,97
2013-02-12,94
2013-02-13,94
2013-02-14,98
2013-02-15,99
2013-02-16,96
2013-02-17,91
2013-02-18,94
2013-02-19,96
2013-02-20,97
2013-02-21,96
2013-02-22,97
2013-02-23,90
2013-02-24,85
2013-02-25,92
2013-02-26,94
2013-02-27,99
2013-02-28,93
2013-03-01,99
2013-03-02,93
2013-03-03,90
2013-03-04,94
2013-03-05,95
2013-03-06,96
2013-03-07,96
2013-03-08,99
2013-03-09,93
2013-03-10,88
2013-03-11,96
2013-03-12,100
2013-03-13,95
2013-03-14,95
2013-03-15,97
2013-03-16,92
2013-03-17,89
2013-03-18,91
2013-03-19,99
2013-03-20,97
2013-03-21,95
2013-03-22,97
2013-03-23,93
2013-03-24,87
2013-03-25,92
2013-03-26,97
2013-03-27,98
2013-03-28,95
2013-03-29,89
2013-03-30,86
2013-03-31,91
2013-04-01,92
2013-04-02,97
2013-04-03,93
2013-04-04,95
2013-04-05,100
2013-04-06,90
2013-04-07,85
2013-04-08,93
2013-04-09,91
2013-04-10,92
2013-04-11,94
2013-04-12,93
2013-04-13,91
2013-04-14,87
2013-04-15,93
2013-04-16,95
2013-04-17,92
2013-04-18,95
2013-04-19,97
2013-04-20,90
2013-04-21,82
2013-04-22,94
2013-04-23,91
2013-04-24,94
2013-04-25,95
2013-04-26,100
2013-04-27,88
2013-04-28,82
2013-04-29,93
2013-04-30,96
2013-05-01,89
2013-05-02,98
2013-05-03,97
2013-05-04,92
2013-05-05,88
2013-05-06,96
2013-05-07,100
2013-05-08,98
2013-05-09,97
2013-05-10,97
2013-05-11,92
2013-05-12,87
2013-05-13,95
2013-05-14,97
2013-05-15,94
2013-05-16,95
2013-05-17,93
2013-05-18,90
2013-05-19,83
2013-05-20,94
2013-05-21,95
2013-05-22,97
2013-05-23,92
2013-05-24,95
2013-05-25,91
2013-05-26,83
2013-05-27,96
2013-05-28,97
2013-05-29,97
2013-05-30,93
2013-05-31,92
2013-06-01,89
2013-06-02,85
2013-06-03,94
2013-06-04,93
2013-06-05,93
2013-06-06,93
2013-06-07,91
2013-06-08,88
2013-06-09,82
2013-06-10,90
2013-06-11,89
2013-06-12,92
2013-06-13,91
2013-06-14,96
2013-06-15,91
2013-06-16,83
2013-06-17,95
2013-06-18,96
2013-06-19,100
2013-06-20,93
2013-06-21,93
2013-06-22,89
2013-06-23,85
2013-06-24,93
2013-06-25,97
2013-06-26,97
2013-06-27,94
2013-06-28,96
2013-06-29,87
2013-06-30,82
2013-07-01,92
2013-07-02,96
2013-07-03,95
2013-07-04,100
2013-07-05,98
2013-07-06,92
2013-07-07,84
2013-07-08,97
2013-07-09,92
2013-07-10,95
2013-07-11,95
2013-07-12,96
2013-07-13,89
2013-07-14,84
2013-07-15,95
2013-07-16,94
2013-07-17,92
2013-07-18,96
2013-07-19,96
2013-07-20,89
2013-07-21,85
2013-07-22,93
2013-07-23,91
2013-07-24,94
2013-07-25,92
2013-07-26,95
2013-07-27,89
2013-07-28,86
2013-07-29,92
2013-07-30,93
2013-07-31,95
2013-08-01,98
2013-08-02,100
2013-08-03,94
2013-08-04,88
2013-08-05,96
2013-08-06,95
2013-08-07,97
2013-08-08,95
2013-08-09,96
2013-08-10,92
2013-08-11,85
2013-08-12,91
2013-08-13,99
2013-08-14,98
2013-08-15,94
2013-08-16,92
2013-08-17,91
2013-08-18,86
2013-08-19,92
2013-08-20,93
2013-08-21,96
2013-08-22,95
2013-08-23,97
2013-08-24,88
2013-08-25,87
2013-08-26,94
2013-08-27,96
2013-08-28,93
2013-08-29,94
2013-08-30,95
2013-08-31,90
2013-09-01,83
2013-09-02,97
2013-09-03,95
2013-09-04,96
2013-09-05,97
2013-09-06,95
2013-09-07,93
2013-09-08,84
2013-09-09,99
2013-09-10,95
2013-09-11,99
2013-09-12,100
2013-09-13,96
2013-09-14,88
2013-09-15,83
2013-09-16,90
2013-09-17,91
2013-09-18,91
2013-09-19,92
2013-09-20,94
2013-09-21,85
2013-09-22,82
2013-09-23,93
2013-09-24,89
2013-09-25,90
2013-09-26,88
2013-09-27,89
2013-09-28,80
2013-09-29,77
2013-09-30,86
2013-10-01,95
2013-10-02,98
2013-10-03,95
2013-10-04,95
2013-10-05,90
2013-10-06,81
2013-10-07,95
2013-10-08,94
2013-10-09,96
2013-10-10,92
2013-10-11,94
2013-10-12,87
2013-10-13,82
2013-10-14,92
2013-10-15,92
2013-10-16,95
2013-10-17,92
2013-10-18,95
2013-10-19,86
2013-10-20,82
2013-10-21,96
2013-10-22,95
2013-10-23,95
2013-10-24,96
2013-10-25,97
2013-10-26,88
2013-10-27,79
2013-10-28,93
2013-10-29,100
2013-10-30,94
2013-10-31,95
2013-11-01,94
2013-11-02,90
2013-11-03,85
2013-11-04,92
2013-11-05,94
2013-11-06,96
2013-11-07,96
2013-11-08,100
2013-11-09,91
2013-11-10,84
2013-11-11,92
2013-11-12,96
2013-11-13,99
2013-11-14,96
2013-11-15,94
2013-11-16,87
2013-11-17,82
2013-11-18,94
2013-11-19,93
2013-11-20,98
2013-11-21,98
2013-11-22,94
2013-11-23,89
2013-11-24,82
2013-11-25,91
2013-11-26,91
2013-11-27,93
2013-11-28,90
2013-11-29,94
2013-11-30,86
2013-12-01,81
2013-12-02,94
2013-12-03,96
2013-12-04,95
2013-12-05,94
2013-12-06,96
2013-12-07,89
2013-12-08,84
2013-12-09,95
2013-12-10,96
2013-12-11,94
2013-12-12,97
2013-12-13,97
2013-12-14,89
2013-12-15,84
2013-12-16,96
2013-12-17,98
2013-12-18,100
2013-12-19,94
2013-12-20,97
2013-12-21,90
2013-12-22,86
2013-12-23,94
2013-12-24,94
2013-12-25,95
2013-12-26,95
2013-12-27,96
2013-12-28,93
2013-12-29,88
2013-12-30,90
2013-12-31,89
2014-01-01,91
2014-01-02,100
2014-01-03,97
2014-01-04,92
2014-01-05,88
2014-01-06,94
2014-01-07,96
2014-01-08,93
2014-01-09,97
2014-01-10,96
2014-01-11,92
2014-01-12,87
2014-01-13,94
2014-01-14,96
2014-01-15,95
2014-01-16,95
2014-01-17,94
2014-01-18,93
2014-01-19,83
2014-01-20,95
2014-01-21,96
2014-01-22,93
2014-01-23,92
2014-01-24,94
2014-01-25,86
2014-01-26,85
2014-01-27,94
2014-01-28,93
2014-01-29,95
2014-01-30,94
2014-01-31,97
2014-02-01,91
2014-02-02,85
2014-02-03,94
2014-02-04,97
2014-02-05,98
2014-02-06,99
2014-02-07,97
2014-02-08,90
2014-02-09,83
2014-02-10,91
2014-02-11,91
2014-02-12,97
2014-02-13,96
2014-02-14,100
2014-02-15,90
2014-02-16,85
2014-02-17,97
2014-02-18,92
2014-02-19,92
2014-02-20,95
2014-02-21,94
2014-02-22,90
2014-02-23,84
2014-02-24,89
2014-02-25,91
2014-02-26,94
2014-02-27,96
2014-02-28,95
2014-03-01,84
2014-03-02,79
2014-03-03,86
2014-03-04,94
2014-03-05,95
2014-03-06,95
2014-03-07,98
2014-03-08,90
2014-03-09,86
2014-03-10,98
2014-03-11,96
2014-03-12,98
2014-03-13,95
2014-03-14,93
2014-03-15,88
2014-03-16,80
2014-03-17,93
2014-03-18,95
2014-03-19,96
2014-03-20,97
2014-03-21,98
2014-03-22,88
2014-03-23,81
2014-03-24,91
2014-03-25,94
2014-03-26,96
2014-03-27,92
2014-03-28,100
2014-03-29,90
2014-03-30,88
2014-03-31,94
2014-04-01,96
2014-04-02,94
2014-04-03,98
2014-04-04,99
2014-04-05,97
2014-04-06,87
2014-04-07,98
2014-04-08,100
2014-04-09,98
2014-04-10,99
2014-04-11,96
2014-04-12,89
2014-04-13,85
2014-04-14,93
2014-04-15,86
2014-04-16,84
2014-04-17,79
2014-04-18,74
2014-04-19,75
2014-04-20,75
2014-04-21,79
2014-04-22,85
2014-04-23,87
2014-04-24,84
2014-04-25,83
2014-04-26,80
2014-04-27,75
2014-04-28,79
2014-04-29,82
2014-04-30,80
2014-05-01,90
2014-05-02,94
2014-05-03,89
2014-05-04,81
2014-05-05,96
2014-05-06,94
2014-05-07,94
2014-05-08,97
2014-05-09,94
2014-05-10,88
2014-05-11,80
2014-05-12,95
2014-05-13,92
2014-05-14,91
2014-05-15,91
2014-05-16,89
2014-05-17,87
2014-05-18,80
2014-05-19,93
2014-05-20,91
2014-05-21,94
2014-05-22,97
2014-05-23,94
2014-05-24,92
2014-05-25,83
2014-05-26,95
2014-05-27,96
2014-05-28,99
2014-05-29,97
2014-05-30,100
2014-05-31,90
2014-06-01,84
2014-06-02,96
2014-06-03,99
2014-06-04,97
2014-06-05,98
2014-06-06,97
2014-06-07,93
2014-06-08,86
2014-06-09,95
2014-06-10,100
2014-06-11,95
2014-06-12,96
2014-06-13,94
2014-06-14,91
2014-06-15,85
2014-06-16,96
2014-06-17,91
2014-06-18,93
2014-06-19,97
2014-06-20,97
2014-06-21,90
2014-06-22,85
2014-06-23,94
2014-06-24,95
2014-06-25,94
2014-06-26,93
2014-06-27,95
2014-06-28,87
2014-06-29,84
2014-06-30,94
2014-07-01,95
2014-07-02,94
2014-07-03,97
2014-07-04,94
2014-07-05,90
2014-07-06,89
2014-07-07,96
2014-07-08,95
2014-07-09,89
2014-07-10,98
2014-07-11,94
2014-07-12,88
2014-07-13,83
2014-07-14,93
2014-07-15,96
2014-07-16,99
2014-07-17,100
2014-07-18,96
2014-07-19,92
2014-07-20,86
2014-07-21,94
2014-07-22,93
2014-07-23,96
2014-07-24,94
2014-07-25,93
2014-07-26,86
2014-07-27,83
2014-07-28,93
2014-07-29,93
2014-07-30,91
2014-07-31,94
2014-08-01,100
2014-08-02,87
2014-08-03,85
2014-08-04,97
2014-08-05,93
2014-08-06,93
2014-08-07,92
2014-08-08,97
2014-08-09,88
2014-08-10,83
2014-08-11,92
2014-08-12,92
2014-08-13,93
2014-08-14,91
2014-08-15,89
2014-08-16,89
2014-08-17,81
2014-08-18,92
2014-08-19,91
2014-08-20,93
2014-08-21,90
2014-08-22,94
2014-08-23,85
2014-08-24,80
2014-08-25,91
2014-08-26,94
2014-08-27,93
2014-08-28,93
2014-08-29,93
2014-08-30,85
2014-08-31,81
2014-09-01,90
2014-09-02,91
2014-09-03,97
2014-09-04,94
2014-09-05,91
2014-09-06,85
2014-09-07,82
2014-09-08,90
2014-09-09,93
2014-09-10,95
2014-09-11,94
2014-09-12,89
2014-09-13,89
2014-09-14,80
2014-09-15,90
2014-09-16,92
2014-09-17,91
2014-09-18,100
2014-09-19,95
2014-09-20,84
2014-09-21,81
2014-09-22,94
2014-09-23,92
2014-09-24,92
2014-09-25,95
2014-09-26,91
2014-09-27,87
2014-09-28,81
2014-09-29,88
2014-09-30,88
2014-10-01,97
2014-10-02,95
2014-10-03,96
2014-10-04,89
2014-10-05,80
2014-10-06,93
2014-10-07,95
2014-10-08,100
2014-10-09,95
2014-10-10,94
2014-10-11,87
2014-10-12,81
2014-10-13,94
2014-10-14,94
2014-10-15,95
2014-10-16,95
2014-10-17,99
2014-10-18,89
2014-10-19,86
2014-10-20,95
2014-10-21,92
2014-10-22,93
2014-10-23,92
2014-10-24,94
2014-10-25,86
2014-10-26,82
2014-10-27,92
2014-10-28,94
2014-10-29,89
2014-10-30,91
2014-10-31,94
2014-11-01,76
2014-11-02,73
2014-11-03,81
2014-11-04,90
2014-11-05,95
2014-11-06,97
2014-11-07,96
2014-11-08,91
2014-11-09,86
2014-11-10,90
2014-11-11,95
2014-11-12,97
2014-11-13,97
2014-11-14,97
2014-11-15,90
2014-11-16,87
2014-11-17,97
2014-11-18,98
2014-11-19,100
2014-11-20,99
2014-11-21,100
2014-11-22,92
2014-11-23,87
2014-11-24,85
2014-11-25,82
2014-11-26,84
2014-11-27,82
2014-11-28,83
2014-11-29,77
2014-11-30,69
2014-12-01,95
2014-12-02,99
2014-12-03,100
2014-12-04,100
2014-12-05,99
2014-12-06,95
2014-12-07,83
2014-12-08,95
2014-12-09,100
2014-12-10,100
2014-12-11,95
2014-12-12,100
2014-12-13,96
2014-12-14,94
2014-12-15,96
2014-12-16,100
2014-12-17,99
2014-12-18,95
2014-12-19,100
2014-12-20,92
2014-12-21,87
2014-12-22,96
2014-12-23,97
2014-12-24,96
2014-12-25,93
2014-12-26,97
2014-12-27,93
2014-12-28,87
2014-12-29,92
2014-12-30,92
2014-12-31,88
2015-01-01,94
2015-01-02,96
2015-01-03,92
2015-01-04,86
2015-01-05,94
2015-01-06,95
2015-01-07,93
2015-01-08,97
2015-01-09,94
2015-01-10,90
2015-01-11,83
2015-01-12,95
2015-01-13,90
2015-01-14,94
2015-01-15,93
2015-01-16,92
2015-01-17,82
2015-01-18,82
2015-01-19,96
2015-01-20,92
2015-01-21,89
2015-01-22,93
2015-01-23,91
2015-01-24,88
2015-01-25,81
2015-01-26,93
2015-01-27,100
2015-01-28,89
2015-01-29,89
2015-01-30,90
2015-01-31,87
2015-02-01,83
2015-02-02,96
2015-02-03,94
2015-02-04,95
2015-02-05,94
2015-02-06,95
2015-02-07,89
2015-02-08,83
2015-02-09,94
2015-02-10,93
2015-02-11,96
2015-02-12,97
2015-02-13,95
2015-02-14,89
2015-02-15,86
2015-02-16,91
2015-02-17,94
2015-02-18,98
2015-02-19,100
2015-02-20,99
2015-02-21,91
2015-02-22,85
2015-02-23,95
2015-02-24,94
2015-02-25,100
2015-02-26,96
2015-02-27,97
2015-02-28,87
2015-03-01,82
2015-03-02,89
2015-03-03,93
2015-03-04,93
2015-03-05,93
2015-03-06,93
2015-03-07,89
2015-03-08,83
2015-03-09,95
2015-03-10,92
2015-03-11,98
2015-03-12,95
2015-03-13,96
2015-03-14,90
2015-03-15,84
2015-03-16,96
2015-03-17,97
2015-03-18,99
2015-03-19,94
2015-03-20,98
2015-03-21,93
2015-03-22,89
2015-03-23,91
2015-03-24,98
2015-03-25,93
2015-03-26,100
2015-03-27,99
2015-03-28,91
2015-03-29,85
2015-03-30,90
2015-03-31,91
2015-04-01,97
2015-04-02,96
2015-04-03,89
2015-04-04,83
2015-04-05,86
2015-04-06,95
2015-04-07,99
2015-04-08,99
2015-04-09,99
2015-04-10,99
2015-04-11,91
2015-04-12,88
2015-04-13,96
2015-04-14,98
2015-04-15,95
2015-04-16,96
2015-04-17,100
2015-04-18,90
2015-04-19,86
2015-04-20,96
2015-04-21,93
2015-04-22,93
2015-04-23,95
2015-04-24,98
2015-04-25,89
2015-04-26,86
2015-04-27,93
2015-04-28,94
2015-04-29,95
2015-04-30,93
2015-05-01,90
2015-05-02,88
2015-05-03,83
2015-05-04,94
2015-05-05,92
2015-05-06,96
2015-05-07,95
2015-05-08,97
2015-05-09,88
2015-05-10,87
2015-05-11,95
2015-05-12,97
2015-05-13,97
2015-05-14,94
2015-05-15,100
2015-05-16,91
2015-05-17,84
2015-05-18,94
2015-05-19,95
2015-05-20,95
2015-05-21,96
2015-05-22,97
2015-05-23,90
2015-05-24,87
2015-05-25,94
2015-05-26,98
2015-05-27,99
2015-05-28,97
2015-05-29,100
2015-05-30,88
2015-05-31,88
2015-06-01,95
2015-06-02,94
2015-06-03,100
2015-06-04,97
2015-06-05,97
2015-06-06,91
2015-06-07,86
2015-06-08,96
2015-06-09,96
2015-06-10,97
2015-06-11,97
2015-06-12,97
2015-06-13,86
2015-06-14,86
2015-06-15,93
2015-06-16,93
2015-06-17,93
2015-06-18,95
2015-06-19,92
2015-06-20,91
2015-06-21,84
2015-06-22,94
2015-06-23,93
2015-06-24,92
2015-06-25,93
2015-06-26,91
2015-06-27,86
2015-06-28,83
2015-06-29,88
2015-06-30,91
2015-07-01,89
2015-07-02,93
2015-07-03,90
2015-07-04,85
2015-07-05,82
2015-07-06,93
2015-07-07,94
2015-07-08,96
2015-07-09,94
2015-07-10,96
2015-07-11,90
2015-07-12,88
2015-07-13,97
2015-07-14,96
2015-07-15,95
2015-07-16,92
2015-07-17,96
2015-07-18,88
2015-07-19,86
2015-07-20,95
2015-07-21,98
2015-07-22,99
2015-07-23,97
2015-07-24,96
2015-07-25,91
2015-07-26,89
2015-07-27,94
2015-07-28,100
2015-07-29,99
2015-07-30,98
2015-07-31,98
2015-08-01,96
2015-08-02,93
2015-08-03,100
2015-08-04,98
2015-08-05,99
2015-08-06,92
2015-08-07,96
2015-08-08,89
2015-08-09,84
2015-08-10,94
2015-08-11,95
2015-08-12,94
2015-08-13,95
2015-08-14,91
2015-08-15,91
2015-08-16,83
2015-08-17,93
2015-08-18,96
2015-08-19,98
2015-08-20,94
2015-08-21,92
2015-08-22,91
2015-08-23,84
2015-08-24,92
2015-08-25,94
2015-08-26,95
2015-08-27,93
2015-08-28,95
2015-08-29,87
2015-08-30,82
2015-08-31,91
2015-09-01,83
2015-09-02,76
2015-09-03,77
2015-09-04,76
2015-09-05,71
2015-09-06,69
2015-09-07,77
2015-09-08,75
2015-09-09,76
2015-09-10,74
2015-09-11,78
2015-09-12,73
2015-09-13,65
2015-09-14,74
2015-09-15,76
2015-09-16,80
2015-09-17,85
2015-09-18,88
2015-09-19,79
2015-09-20,74
2015-09-21,84
2015-09-22,84
2015-09-23,86
2015-09-24,94
2015-09-25,87
2015-09-26,79
2015-09-27,78
2015-09-28,100
2015-09-29,95
2015-09-30,89
2015-10-01,94
2015-10-02,96
2015-10-03,92
2015-10-04,83
2015-10-05,94
2015-10-06,95
2015-10-07,97
2015-10-08,99
2015-10-09,94
2015-10-10,91
2015-10-11,88
2015-10-12,93
2015-10-13,96
2015-10-14,99
2015-10-15,100
2015-10-16,98
2015-10-17,89
2015-10-18,82
2015-10-19,97
2015-10-20,95
2015-10-21,94
2015-10-22,96
2015-10-23,97
2015-10-24,90
2015-10-25,84
2015-10-26,94
2015-10-27,94
2015-10-28,91
2015-10-29,92
2015-10-30,95
2015-10-31,83
2015-11-01,84
2015-11-02,90
2015-11-03,99
2015-11-04,97
2015-11-05,95
2015-11-06,94
2015-11-07,85
2015-11-08,84
2015-11-09,93
2015-11-10,95
2015-11-11,93
2015-11-12,92
2015-11-13,94
2015-11-14,89
2015-11-15,86
2015-11-16,96
2015-11-17,94
2015-11-18,94
2015-11-19,100
2015-11-20,94
2015-11-21,85
2015-11-22,82
2015-11-23,94
2015-11-24,94
2015-11-25,93
2015-11-26,96
2015-11-27,91
2015-11-28,87
2015-11-29,85
2015-11-30,90
2015-12-01,90
2015-12-02,85
2015-12-03,88
2015-12-04,89
2015-12-05,84
2015-12-06,79
2015-12-07,86
2015-12-08,83
2015-12-09,88
2015-12-10,90
2015-12-11,92
2015-12-12,83
2015-12-13,80
2015-12-14,85
2015-12-15,93
2015-12-16,100
2015-12-17,100
2015-12-18,92
2015-12-19,89
2015-12-20,83
2015-12-21,90
2015-12-22,92
2015-12-23,88
2015-12-24,89
2015-12-25,90
2015-12-26,89
2015-12-27,83
2015-12-28,90
2015-12-29,92
2015-12-30,88
2015-12-31,89
2016-01-01,92
2016-01-02,93
2016-01-03,90
2016-01-04,95
2016-01-05,96
2016-01-06,96
2016-01-07,93
2016-01-08,92
2016-01-09,89
2016-01-10,86
2016-01-11,94
2016-01-12,94
2016-01-13,93
2016-01-14,94
2016-01-15,95
2016-01-16,92
2016-01-17,82
2016-01-18,95
2016-01-19,92
2016-01-20,92
2016-01-21,90
2016-01-22,96
2016-01-23,89
2016-01-24,84
2016-01-25,93
2016-01-26,96
2016-01-27,93
2016-01-28,98
2016-01-29,100
2016-01-30,96
2016-01-31,90
2016-02-01,91
2016-02-02,94
2016-02-03,97
2016-02-04,97
2016-02-05,100
2016-02-06,93
2016-02-07,88
2016-02-08,86
2016-02-09,95
2016-02-10,93
2016-02-11,96
2016-02-12,97
2016-02-13,92
2016-02-14,91
2016-02-15,97
2016-02-16,96
2016-02-17,97
2016-02-18,95
2016-02-19,98
2016-02-20,93
2016-02-21,92
2016-02-22,92
2016-02-23,96
2016-02-24,96
2016-02-25,99
2016-02-26,96
2016-02-27,93
2016-02-28,92
2016-02-29,91
2016-03-01,79
2016-03-02,80
2016-03-03,81
2016-03-04,81
2016-03-05,78
2016-03-06,76
2016-03-07,79
2016-03-08,82
2016-03-09,84
2016-03-10,84
2016-03-11,83
2016-03-12,82
2016-03-13,77
2016-03-14,82
2016-03-15,84
2016-03-16,87
2016-03-17,87
2016-03-18,90
2016-03-19,84
2016-03-20,82
2016-03-21,84
2016-03-22,85
2016-03-23,85
2016-03-24,89
2016-03-25,90
2016-03-26,91
2016-03-27,93
2016-03-28,97
2016-03-29,98
2016-03-30,100
2016-03-31,98
2016-04-01,88
2016-04-02,84
2016-04-03,80
2016-04-04,84
2016-04-05,83
2016-04-06,87
2016-04-07,91
2016-04-08,90
2016-04-09,86
2016-04-10,83
2016-04-11,84
2016-04-12,87
2016-04-13,90
2016-04-14,86
2016-04-15,92
2016-04-16,87
2016-04-17,83
2016-04-18,91
2016-04-19,95
2016-04-20,95
2016-04-21,93
2016-04-22,100
2016-04-23,96
2016-04-24,94
2016-04-25,92
2016-04-26,98
2016-04-27,98
2016-04-28,98
2016-04-29,99
2016-04-30,100
2016-05-01,81
2016-05-02,82
2016-05-03,88
2016-05-04,88
2016-05-05,91
2016-05-06,89
2016-05-07,87
2016-05-08,90
2016-05-09,90
2016-05-10,91
2016-05-11,92
2016-05-12,92
2016-05-13,94
2016-05-14,90
2016-05-15,88
2016-05-16,90
2016-05-17,100
2016-05-18,93
2016-05-19,91
2016-05-20,98
2016-05-21,92
2016-05-22,91
2016-05-23,92
2016-05-24,92
2016-05-25,93
2016-05-26,96
2016-05-27,99
2016-05-28,98
2016-05-29,92
2016-05-30,98
2016-05-31,97
2016-06-01,92
2016-06-02,93
2016-06-03,98
2016-06-04,96
2016-06-05,92
2016-06-06,93
2016-06-07,95
2016-06-08,95
2016-06-09,95
2016-06-10,96
2016-06-11,97
2016-06-12,92
2016-06-13,95
2016-06-14,93
2016-06-15,94
2016-06-16,100
2016-06-17,94
2016-06-18,95
2016-06-19,93
2016-06-20,96
2016-06-21,96
2016-06-22,96
2016-06-23,97
2016-06-24,97
2016-06-25,98
2016-06-26,97
2016-06-27,97
2016-06-28,97
2016-06-29,100
2016-06-30,99
2016-07-01,93
2016-07-02,91
2016-07-03,91
2016-07-04,96
2016-07-05,100
2016-07-06,98
2016-07-07,97
2016-07-08,95
2016-07-09,94
2016-07-10,90
2016-07-11,93
2016-07-12,97
2016-07-13,97
2016-07-14,89
2016-07-15,95
2016-07-16,97
2016-07-17,92
2016-07-18,97
2016-07-19,99
2016-07-20,98
2016-07-21,98
2016-07-22,99
2016-07-23,97
2016-07-24,92
2016-07-25,96
2016-07-26,95
2016-07-27,97
2016-07-28,97
2016-07-29,95
2016-07-30,100
2016-07-31,94
2016-08-01,89
2016-08-02,91
2016-08-03,89
2016-08-04,94
2016-08-05,91
2016-08-06,93
2016-08-07,90
2016-08-08,89
2016-08-09,91
2016-08-10,92
2016-08-11,94
2016-08-12,91
2016-08-13,88
2016-08-14,82
2016-08-15,89
2016-08-16,91
2016-08-17,95
2016-08-18,91
2016-08-19,92
2016-08-20,90
2016-08-21,85
2016-08-22,93
2016-08-23,90
2016-08-24,90
2016-08-25,91
2016-08-26,100
2016-08-27,96
2016-08-28,89
2016-08-29,90
2016-08-30,90
2016-08-31,94
2016-09-01,96
2016-09-02,100
2016-09-03,98
2016-09-04,93
2016-09-05,97
2016-09-06,95
2016-09-07,90
2016-09-08,87
2016-09-09,90
2016-09-10,87
2016-09-11,86
2016-09-12,91
2016-09-13,99
2016-09-14,95
2016-09-15,92
2016-09-16,88
2016-09-17,91
2016-09-18,87
2016-09-19,91
2016-09-20,91
2016-09-21,93
2016-09-22,91
2016-09-23,93
2016-09-24,95
2016-09-25,88
2016-09-26,90
2016-09-27,94
2016-09-28,95
2016-09-29,91
2016-09-30,91
2016-10-01,97
2016-10-02,94
2016-10-03,94
2016-10-04,96
2016-10-05,96
2016-10-06,99
2016-10-07,96
2016-10-08,98
2016-10-09,90
2016-10-10,95
2016-10-11,98
2016-10-12,95
2016-10-13,96
2016-10-14,96
2016-10-15,99
2016-10-16,94
2016-10-17,92
2016-10-18,96
2016-10-19,97
2016-10-20,95
2016-10-21,100
2016-10-22,94
2016-10-23,89
2016-10-24,90
2016-10-25,95
2016-10-26,94
2016-10-27,98
2016-10-28,94
2016-10-29,92
2016-10-30,91
2016-10-31,93
2016-11-01,96
2016-11-02,92
2016-11-03,96
2016-11-04,98
2016-11-05,92
2016-11-06,88
2016-11-07,93
2016-11-08,96
2016-11-09,89
2016-11-10,97
2016-11-11,95
2016-11-12,94
2016-11-13,89
2016-11-14,92
2016-11-15,95
2016-11-16,95
2016-11-17,99
2016-11-18,96
2016-11-19,95
2016-11-20,89
2016-11-21,94
2016-11-22,100
2016-11-23,96
2016-11-24,96
2016-11-25,97
2016-11-26,92
2016-11-27,91
2016-11-28,89
2016-11-29,96
2016-11-30,97
2016-12-01,96
2016-12-02,94
2016-12-03,96
2016-12-04,89
2016-12-05,92
2016-12-06,94
2016-12-07,91
2016-12-08,94
2016-12-09,94
2016-12-10,100
2016-12-11,91
2016-12-12,90
2016-12-13,92
2016-12-14,94
2016-12-15,93
2016-12-16,96
2016-12-17,94
2016-12-18,90
2016-12-19,94
2016-12-20,95
2016-12-21,93
2016-12-22,96
2016-12-23,92
2016-12-24,93
2016-12-25,100
2016-12-26,96
2016-12-27,97
2016-12-28,98
2016-12-29,95
2016-12-30,92
2016-12-31,94
2017-01-01,98
2017-01-02,94
2017-01-03,100
2017-01-04,96
2017-01-05,97
2017-01-06,95
2017-01-07,93
2017-01-08,91
2017-01-09,92
2017-01-10,94
2017-01-11,90
2017-01-12,91
2017-01-13,91
2017-01-14,91
2017-01-15,85
2017-01-16,91
2017-01-17,92
2017-01-18,89
2017-01-19,94
2017-01-20,91
2017-01-21,89
2017-01-22,81
2017-01-23,85
2017-01-24,91
2017-01-25,90
2017-01-26,87
2017-01-27,90
2017-01-28,68
2017-01-29,64
2017-01-30,62
2017-01-31,62
2017-02-01,86
2017-02-02,85
2017-02-03,86
2017-02-04,84
2017-02-05,77
2017-02-06,78
2017-02-07,80
2017-02-08,79
2017-02-09,78
2017-02-10,79
2017-02-11,81
2017-02-12,77
2017-02-13,72
2017-02-14,83
2017-02-15,79
2017-02-16,76
2017-02-17,76
2017-02-18,79
2017-02-19,74
2017-02-20,72
2017-02-21,74
2017-02-22,74
2017-02-23,75
2017-02-24,76
2017-02-25,72
2017-02-26,69
2017-02-27,73
2017-02-28,100
2017-03-01,91
2017-03-02,94
2017-03-03,95
2017-03-04,90
2017-03-05,88
2017-03-06,92
2017-03-07,96
2017-03-08,100
2017-03-09,96
2017-03-10,99
2017-03-11,96
2017-03-12,94
2017-03-13,93
2017-03-14,94
2017-03-15,93
2017-03-16,90
2017-03-17,92
2017-03-18,91
2017-03-19,85
2017-03-20,86
2017-03-21,94
2017-03-22,90
2017-03-23,90
2017-03-24,93
2017-03-25,96
2017-03-26,88
2017-03-27,91
2017-03-28,93
2017-03-29,90
2017-03-30,89
2017-03-31,87
2017-04-01,100
2017-04-02,95
2017-04-03,99
2017-04-04,96
2017-04-05,98
2017-04-06,100
2017-04-07,97
2017-04-08,98
2017-04-09,93
2017-04-10,97
2017-04-11,99
2017-04-12,94
2017-04-13,94
2017-04-14,92
2017-04-15,91
2017-04-16,96
2017-04-17,99
2017-04-18,98
2017-04-19,96
2017-04-20,95
2017-04-21,96
2017-04-22,98
2017-04-23,91
2017-04-24,96
2017-04-25,95
2017-04-26,93
2017-04-27,93
2017-04-28,96
2017-04-29,95
2017-04-30,94
2017-05-01,91
2017-05-02,91
2017-05-03,97
2017-05-04,92
2017-05-05,95
2017-05-06,96
2017-05-07,94
2017-05-08,93
2017-05-09,98
2017-05-10,94
2017-05-11,100
2017-05-12,94
2017-05-13,97
2017-05-14,92
2017-05-15,92
2017-05-16,89
2017-05-17,89
2017-05-18,92
2017-05-19,89
2017-05-20,92
2017-05-21,84
2017-05-22,89
2017-05-23,91
2017-05-24,90
2017-05-25,90
2017-05-26,92
2017-05-27,94
2017-05-28,94
2017-05-29,94
2017-05-30,87
2017-05-31,99
2017-06-01,94
2017-06-02,96
2017-06-03,97
2017-06-04,92
2017-06-05,93
2017-06-06,96
2017-06-07,92
2017-06-08,93
2017-06-09,97
2017-06-10,98
2017-06-11,93
2017-06-12,94
2017-06-13,98
2017-06-14,96
2017-06-15,98
2017-06-16,100
2017-06-17,100
2017-06-18,96
2017-06-19,94
2017-06-20,98
2017-06-21,96
2017-06-22,75
2017-06-23,74
2017-06-24,76
2017-06-25,75
2017-06-26,73
2017-06-27,69
2017-06-28,72
2017-06-29,68
2017-06-30,68
2017-07-01,96
2017-07-02,100
2017-07-03,96
2017-07-04,100
2017-07-05,97
2017-07-06,95
2017-07-07,99
2017-07-08,94
2017-07-09,94
2017-07-10,92
2017-07-11,91
2017-07-12,91
2017-07-13,91
2017-07-14,93
2017-07-15,95
2017-07-16,95
2017-07-17,92
2017-07-18,87
2017-07-19,89
2017-07-20,89
2017-07-21,97
2017-07-22,93
2017-07-23,88
2017-07-24,90
2017-07-25,92
2017-07-26,95
2017-07-27,92
2017-07-28,100
2017-07-29,96
2017-07-30,95
2017-07-31,97
2017-08-01,83
2017-08-02,83
2017-08-03,83
2017-08-04,83
2017-08-05,80
2017-08-06,76
2017-08-07,81
2017-08-08,81
2017-08-09,80
2017-08-10,83
2017-08-11,80
2017-08-12,81
2017-08-13,79
2017-08-14,86
2017-08-15,89
2017-08-16,87
2017-08-17,94
2017-08-18,91
2017-08-19,89
2017-08-20,86
2017-08-21,90
2017-08-22,92
2017-08-23,95
2017-08-24,89
2017-08-25,94
2017-08-26,100
2017-08-27,89
2017-08-28,97
2017-08-29,94
2017-08-30,91
2017-08-31,92
2017-09-01,90
2017-09-02,89
2017-09-03,91
2017-09-04,93
2017-09-05,87
2017-09-06,91
2017-09-07,91
2017-09-08,91
2017-09-09,91
2017-09-10,88
2017-09-11,90
2017-09-12,91
2017-09-13,93
2017-09-14,91
2017-09-15,92
2017-09-16,89
2017-09-17,83
2017-09-18,94
2017-09-19,91
2017-09-20,95
2017-09-21,97
2017-09-22,100
2017-09-23,100
2017-09-24,89
2017-09-25,93
2017-09-26,97
2017-09-27,95
2017-09-28,89
2017-09-29,93
2017-09-30,94
2017-10-01,84
2017-10-02,80
2017-10-03,84
2017-10-04,86
2017-10-05,87
2017-10-06,82
2017-10-07,83
2017-10-08,77
2017-10-09,83
2017-10-10,83
2017-10-11,91
2017-10-12,95
2017-10-13,97
2017-10-14,93
2017-10-15,90
2017-10-16,94
2017-10-17,97
2017-10-18,99
2017-10-19,98
2017-10-20,99
2017-10-21,98
2017-10-22,93
2017-10-23,94
2017-10-24,98
2017-10-25,96
2017-10-26,100
2017-10-27,95
2017-10-28,96
2017-10-29,92
2017-10-30,97
2017-10-31,100
2017-11-01,93
2017-11-02,93
2017-11-03,95
2017-11-04,95
2017-11-05,90
2017-11-06,94
2017-11-07,97
2017-11-08,99
2017-11-09,96
2017-11-10,96
2017-11-11,95
2017-11-12,89
2017-11-13,94
2017-11-14,98
2017-11-15,97
2017-11-16,97
2017-11-17,98
2017-11-18,94
2017-11-19,91
2017-11-20,93
2017-11-21,96
2017-11-22,98
2017-11-23,100
2017-11-24,95
2017-11-25,96
2017-11-26,92
2017-11-27,93
2017-11-28,96
2017-11-29,97
2017-11-30,95
2017-12-01,86
2017-12-02,86
2017-12-03,81
2017-12-04,85
2017-12-05,87
2017-12-06,84
2017-12-07,88
2017-12-08,85
2017-12-09,85
2017-12-10,83
2017-12-11,85
2017-12-12,90
2017-12-13,88
2017-12-14,90
2017-12-15,93
2017-12-16,92
2017-12-17,90
2017-12-18,92
2017-12-19,97
2017-12-20,97
2017-12-21,97
2017-12-22,96
2017-12-23,94
2017-12-24,93
2017-12-25,100
2017-12-26,95
2017-12-27,96
2017-12-28,96
2017-12-29,99
2017-12-30,93
2017-12-31,96
2018-01-01,99
2018-01-02,95
2018-01-03,95
2018-01-04,91
2018-01-05,93
2018-01-06,96
2018-01-07,89
2018-01-08,93
2018-01-09,91
2018-01-10,98
2018-01-11,98
2018-01-12,98
2018-01-13,95
2018-01-14,92
2018-01-15,96
2018-01-16,97
2018-01-17,93
2018-01-18,98
2018-01-19,98
2018-01-20,96
2018-01-21,89
2018-01-22,95
2018-01-23,96
2018-01-24,97
2018-01-25,96
2018-01-26,100
2018-01-27,95
2018-01-28,90
2018-01-29,94
2018-01-30,96
2018-01-31,95
2018-02-01,96
2018-02-02,98
2018-02-03,92
2018-02-04,92
2018-02-05,92
2018-02-06,99
2018-02-07,93
2018-02-08,96
2018-02-09,98
2018-02-10,96
2018-02-11,90
2018-02-12,89
2018-02-13,94
2018-02-14,100
2018-02-15,100
2018-02-16,100
2018-02-17,96
2018-02-18,95
2018-02-19,98
2018-02-20,98
2018-02-21,95
2018-02-22,98
2018-02-23,97
2018-02-24,97
2018-02-25,89
2018-02-26,95
2018-02-27,98
2018-02-28,97
2018-03-01,97
2018-03-02,98
2018-03-03,94
2018-03-04,89
2018-03-05,94
2018-03-06,99
2018-03-07,99
2018-03-08,100
2018-03-09,98
2018-03-10,93
2018-03-11,93
2018-03-12,94
2018-03-13,95
2018-03-14,94
2018-03-15,97
2018-03-16,99
2018-03-17,94
2018-03-18,89
2018-03-19,92
2018-03-20,96
2018-03-21,97
2018-03-22,96
2018-03-23,99
2018-03-24,98
2018-03-25,93
2018-03-26,97
2018-03-27,96
2018-03-28,96
2018-03-29,90
2018-03-30,90
2018-03-31,90
2018-04-01,94
2018-04-02,100
2018-04-03,98
2018-04-04,94
2018-04-05,98
2018-04-06,97
2018-04-07,97
2018-04-08,96
2018-04-09,94
2018-04-10,96
2018-04-11,93
2018-04-12,98
2018-04-13,97
2018-04-14,94
2018-04-15,91
2018-04-16,95
2018-04-17,93
2018-04-18,94
2018-04-19,97
2018-04-20,98
2018-04-21,97
2018-04-22,94
2018-04-23,94
2018-04-24,97
2018-04-25,92
2018-04-26,92
2018-04-27,99
2018-04-28,96
2018-04-29,90
2018-04-30,91
2018-05-01,91
2018-05-02,95
2018-05-03,98
2018-05-04,97
2018-05-05,97
2018-05-06,91
2018-05-07,96
2018-05-08,97
2018-05-09,94
2018-05-10,97
2018-05-11,98
2018-05-12,95
2018-05-13,91
2018-05-14,93
2018-05-15,96
2018-05-16,94
2018-05-17,95
2018-05-18,97
2018-05-19,93
2018-05-20,89
2018-05-21,94
2018-05-22,94
2018-05-23,99
2018-05-24,95
2018-05-25,95
2018-05-26,96
2018-05-27,93
2018-05-28,100
2018-05-29,95
2018-05-30,94
2018-05-31,97
2018-06-01,97
2018-06-02,97
2018-06-03,92
2018-06-04,94
2018-06-05,100
2018-06-06,97
2018-06-07,96
2018-06-08,95
2018-06-09,92
2018-06-10,90
2018-06-11,96
2018-06-12,90
2018-06-13,90
2018-06-14,94
2018-06-15,93
2018-06-16,97
2018-06-17,96
2018-06-18,93
2018-06-19,97
2018-06-20,94
2018-06-21,95
2018-06-22,94
2018-06-23,91
2018-06-24,86
2018-06-25,89
2018-06-26,91
2018-06-27,91
2018-06-28,93
2018-06-29,94
2018-06-30,91
2018-07-01,89
2018-07-02,93
2018-07-03,98
2018-07-04,100
2018-07-05,96
2018-07-06,90
2018-07-07,94
2018-07-08,93
2018-07-09,90
2018-07-10,96
2018-07-11,91
2018-07-12,95
2018-07-13,97
2018-07-14,93
2018-07-15,87
2018-07-16,93
2018-07-17,97
2018-07-18,98
2018-07-19,95
2018-07-20,93
2018-07-21,95
2018-07-22,96
2018-07-23,94
2018-07-24,94
2018-07-25,97
2018-07-26,93
2018-07-27,95
2018-07-28,95
2018-07-29,91
2018-07-30,96
2018-07-31,97
2018-08-01,95
2018-08-02,94
2018-08-03,100
2018-08-04,90
2018-08-05,87
2018-08-06,93
2018-08-07,92
2018-08-08,94
2018-08-09,93
2018-08-10,92
2018-08-11,90
2018-08-12,86
2018-08-13,92
2018-08-14,96
2018-08-15,95
2018-08-16,96
2018-08-17,92
2018-08-18,94
2018-08-19,91
2018-08-20,91
2018-08-21,96
2018-08-22,95
2018-08-23,94
2018-08-24,92
2018-08-25,90
2018-08-26,87
2018-08-27,94
2018-08-28,93
2018-08-29,90
2018-08-30,90
2018-08-31,95
2018-09-01,94
2018-09-02,89
2018-09-03,100
2018-09-04,92
2018-09-05,95
2018-09-06,94
2018-09-07,100
2018-09-08,94
2018-09-09,92
2018-09-10,96
2018-09-11,98
2018-09-12,94
2018-09-13,94
2018-09-14,95
2018-09-15,93
2018-09-16,91
2018-09-17,90
2018-09-18,92
2018-09-19,92
2018-09-20,92
2018-09-21,92
2018-09-22,86
2018-09-23,86
2018-09-24,90
2018-09-25,89
2018-09-26,92
2018-09-27,91
2018-09-28,92
2018-09-29,89
2018-09-30,85
2018-10-01,97
2018-10-02,97
2018-10-03,92
2018-10-04,93
2018-10-05,95
2018-10-06,91
2018-10-07,89
2018-10-08,91
2018-10-09,92
2018-10-10,95
2018-10-11,94
2018-10-12,94
2018-10-13,91
2018-10-14,89
2018-10-15,91
2018-10-16,91
2018-10-17,96
2018-10-18,94
2018-10-19,100
2018-10-20,91
2018-10-21,92
2018-10-22,94
2018-10-23,91
2018-10-24,90
2018-10-25,95
2018-10-26,92
2018-10-27,83
2018-10-28,88
2018-10-29,87
2018-10-30,92
2018-10-31,92
2018-11-01,88
2018-11-02,89
2018-11-03,92
2018-11-04,86
2018-11-05,89
2018-11-06,90
2018-11-07,89
2018-11-08,92
2018-11-09,91
2018-11-10,90
2018-11-11,89
2018-11-12,100
2018-11-13,92
2018-11-14,93
2018-11-15,91
2018-11-16,87
2018-11-17,91
2018-11-18,89
2018-11-19,88
2018-11-20,99
2018-11-21,92
2018-11-22,90
2018-11-23,89
2018-11-24,87
2018-11-25,85
2018-11-26,86
2018-11-27,87
2018-11-28,88
2018-11-29,87
2018-11-30,86
2018-12-01,96
2018-12-02,91
2018-12-03,94
2018-12-04,95
2018-12-05,96
2018-12-06,95
2018-12-07,93
2018-12-08,92
2018-12-09,91
2018-12-10,93
2018-12-11,96
2018-12-12,94
2018-12-13,94
2018-12-14,95
2018-12-15,95
2018-12-16,88
2018-12-17,87
2018-12-18,93
2018-12-19,94
2018-12-20,100
2018-12-21,96
2018-12-22,89
2018-12-23,89
2018-12-24,89
2018-12-25,98
2018-12-26,100
2018-12-27,96
2018-12-28,99
2018-12-29,96
2018-12-30,89
2018-12-31,91
2019-01-01,100
2019-01-02,91
2019-01-03,93
2019-01-04,95
2019-01-05,93
2019-01-06,90
2019-01-07,94
2019-01-08,90
2019-01-09,97
2019-01-10,96
2019-01-11,92
2019-01-12,87
2019-01-13,88
2019-01-14,92
2019-01-15,91
2019-01-16,94
2019-01-17,89
2019-01-18,88
2019-01-19,90
2019-01-20,82
2019-01-21,87
2019-01-22,93
2019-01-23,87
2019-01-24,88
2019-01-25,92
2019-01-26,91
2019-01-27,84
2019-01-28,89
2019-01-29,86
2019-01-30,88
2019-01-31,90
2019-02-01,94
2019-02-02,94
2019-02-03,92
2019-02-04,93
2019-02-05,94
2019-02-06,97
2019-02-07,100
2019-02-08,98
2019-02-09,94
2019-02-10,90
2019-02-11,97
2019-02-12,92
2019-02-13,94
2019-02-14,98
2019-02-15,100
2019-02-16,96
2019-02-17,92
2019-02-18,96
2019-02-19,89
2019-02-20,92
2019-02-21,94
2019-02-22,99
2019-02-23,95
2019-02-24,89
2019-02-25,96
2019-02-26,93
2019-02-27,89
2019-02-28,93
2019-03-01,84
2019-03-02,77
2019-03-03,77
2019-03-04,80
2019-03-05,78
2019-03-06,81
2019-03-07,80
2019-03-08,78
2019-03-09,73
2019-03-10,72
2019-03-11,73
2019-03-12,76
2019-03-13,100
2019-03-14,87
2019-03-15,76
2019-03-16,73
2019-03-17,74
2019-03-18,77
2019-03-19,77
2019-03-20,75
2019-03-21,76
2019-03-22,72
2019-03-23,75
2019-03-24,70
2019-03-25,75
2019-03-26,74
2019-03-27,75
2019-03-28,73
2019-03-29,68
2019-03-30,65
2019-03-31,61
2019-04-01,91
2019-04-02,91
2019-04-03,93
2019-04-04,92
2019-04-05,99
2019-04-06,89
2019-04-07,87
2019-04-08,100
2019-04-09,90
2019-04-10,91
2019-04-11,94
2019-04-12,94
2019-04-13,91
2019-04-14,93
2019-04-15,91
2019-04-16,89
2019-04-17,86
2019-04-18,84
2019-04-19,89
2019-04-20,93
2019-04-21,89
2019-04-22,93
2019-04-23,93
2019-04-24,89
2019-04-25,90
2019-04-26,89
2019-04-27,87
2019-04-28,84
2019-04-29,76
2019-04-30,83
2019-05-01,92
2019-05-02,98
2019-05-03,98
2019-05-04,99
2019-05-05,95
2019-05-06,99
2019-05-07,100
2019-05-08,100
2019-05-09,95
2019-05-10,85
2019-05-11,88
2019-05-12,80
2019-05-13,84
2019-05-14,84
2019-05-15,82
2019-05-16,77
2019-05-17,77
2019-05-18,82
2019-05-19,84
2019-05-20,85
2019-05-21,85
2019-05-22,89
2019-05-23,88
2019-05-24,89
2019-05-25,92
2019-05-26,88
2019-05-27,91
2019-05-28,92
2019-05-29,90
2019-05-30,92
2019-05-31,89
2019-06-01,100
2019-06-02,94
2019-06-03,85
2019-06-04,85
2019-06-05,76
2019-06-06,80
2019-06-07,83
2019-06-08,78
2019-06-09,80
2019-06-10,79
2019-06-11,85
2019-06-12,83
2019-06-13,79
2019-06-14,80
2019-06-15,80
2019-06-16,76
2019-06-17,81
2019-06-18,84
2019-06-19,78
2019-06-20,79
2019-06-21,81
2019-06-22,78
2019-06-23,81
2019-06-24,77
2019-06-25,79
2019-06-26,79
2019-06-27,75
2019-06-28,79
2019-06-29,76
2019-06-30,76
2019-07-01,84
2019-07-02,85
2019-07-03,96
2019-07-04,88
2019-07-05,86
2019-07-06,84
2019-07-07,88
2019-07-08,88
2019-07-09,87
2019-07-10,84
2019-07-11,82
2019-07-12,85
2019-07-13,83
2019-07-14,85
2019-07-15,89
2019-07-16,89
2019-07-17,88
2019-07-18,91
2019-07-19,89
2019-07-20,91
2019-07-21,99
2019-07-22,100
2019-07-23,97
2019-07-24,98
2019-07-25,100
2019-07-26,99
2019-07-27,93
2019-07-28,88
2019-07-29,91
2019-07-30,87
2019-07-31,83
2019-08-01,96
2019-08-02,98
2019-08-03,92
2019-08-04,93
2019-08-05,98
2019-08-06,94
2019-08-07,91
2019-08-08,93
2019-08-09,94
2019-08-10,93
2019-08-11,87
2019-08-12,95
2019-08-13,87
2019-08-14,90
2019-08-15,90
2019-08-16,90
2019-08-17,85
2019-08-18,91
2019-08-19,91
2019-08-20,91
2019-08-21,88
2019-08-22,88
2019-08-23,90
2019-08-24,84
2019-08-25,88
2019-08-26,89
2019-08-27,87
2019-08-28,88
2019-08-29,85
2019-08-30,100
2019-08-31,81
2019-09-01,95
2019-09-02,100
2019-09-03,97
2019-09-04,95
2019-09-05,99
2019-09-06,99
2019-09-07,95
2019-09-08,96
2019-09-09,98
2019-09-10,100
2019-09-11,97
2019-09-12,96
2019-09-13,94
2019-09-14,94
2019-09-15,93
2019-09-16,97
2019-09-17,99
2019-09-18,97
2019-09-19,95
2019-09-20,99
2019-09-21,97
2019-09-22,94
2019-09-23,99
2019-09-24,94
2019-09-25,97
2019-09-26,97
2019-09-27,98
2019-09-28,96
2019-09-29,89
2019-09-30,98
2019-10-01,95
2019-10-02,96
2019-10-03,97
2019-10-04,92
2019-10-05,88
2019-10-06,89
2019-10-07,95
2019-10-08,91
2019-10-09,98
2019-10-10,100
2019-10-11,96
2019-10-12,97
2019-10-13,90
2019-10-14,96
2019-10-15,92
2019-10-16,97
2019-10-17,97
2019-10-18,100
2019-10-19,88
2019-10-20,88
2019-10-21,94
2019-10-22,94
2019-10-23,98
2019-10-24,94
2019-10-25,94
2019-10-26,92
2019-10-27,92
2019-10-28,93
2019-10-29,90
2019-10-30,94
2019-10-31,91
2019-11-01,93
2019-11-02,93
2019-11-03,90
2019-11-04,96
2019-11-05,94
2019-11-06,98
2019-11-07,95
2019-11-08,95
2019-11-09,90
2019-11-10,93
2019-11-11,96
2019-11-12,99
2019-11-13,92
2019-11-14,99
2019-11-15,97
2019-11-16,98
2019-11-17,90
2019-11-18,95
2019-11-19,98
2019-11-20,93
2019-11-21,96
2019-11-22,100
2019-11-23,94
2019-11-24,92
2019-11-25,92
2019-11-26,93
2019-11-27,91
2019-11-28,92
2019-11-29,88
2019-11-30,85
2019-12-01,82
2019-12-02,90
2019-12-03,95
2019-12-04,93
2019-12-05,97
2019-12-06,100
2019-12-07,87
2019-12-08,90
2019-12-09,89
2019-12-10,95
2019-12-11,90
2019-12-12,88
2019-12-13,92
2019-12-14,92
2019-12-15,89
2019-12-16,92
2019-12-17,92
2019-12-18,92
2019-12-19,89
2019-12-20,95
2019-12-21,91
2019-12-22,89
2019-12-23,93
2019-12-24,93
2019-12-25,95
2019-12-26,94
2019-12-27,96
2019-12-28,91
2019-12-29,89
2019-12-30,91
2019-12-31,88
2020-01-01,100
2020-01-02,98
2020-01-03,94
2020-01-04,88
2020-01-05,86
2020-01-06,86
2020-01-07,93
2020-01-08,89
2020-01-09,88
2020-01-10,90
2020-01-11,85
2020-01-12,88
2020-01-13,85
2020-01-14,92
2020-01-15,89
2020-01-16,90
2020-01-17,87
2020-01-18,81
2020-01-19,86
2020-01-20,92
2020-01-21,89
2020-01-22,87
2020-01-23,88
2020-01-24,90
2020-01-25,86
2020-01-26,81
2020-01-27,88
2020-01-28,91
2020-01-29,88
2020-01-30,97
2020-01-31,86
2020-02-01,85
2020-02-02,84
2020-02-03,88
2020-02-04,88
2020-02-05,93
2020-02-06,95
2020-02-07,91
2020-02-08,90
2020-02-09,80
2020-02-10,91
2020-02-11,91
2020-02-12,89
2020-02-13,93
2020-02-14,98
2020-02-15,89
2020-02-16,86
2020-02-17,92
2020-02-18,100
2020-02-19,98
2020-02-20,91
2020-02-21,91
2020-02-22,82
2020-02-23,83
2020-02-24,85
2020-02-25,87
2020-02-26,86
2020-02-27,89
2020-02-28,98
2020-02-29,88
2020-03-01,76
2020-03-02,81
2020-03-03,85
2020-03-04,81
2020-03-05,83
2020-03-06,85
2020-03-07,80
2020-03-08,74
2020-03-09,84
2020-03-10,82
2020-03-11,80
2020-03-12,83
2020-03-13,85
2020-03-14,86
2020-03-15,89
2020-03-16,87
2020-03-17,89
2020-03-18,96
2020-03-19,96
2020-03-20,94
2020-03-21,97
2020-03-22,93
2020-03-23,96
2020-03-24,100
2020-03-25,95
2020-03-26,97
2020-03-27,100
2020-03-28,98
2020-03-29,94
2020-03-30,93
2020-03-31,93
2020-04-01,97
2020-04-02,91
2020-04-03,96
2020-04-04,100
2020-04-05,95
2020-04-06,95
2020-04-07,93
2020-04-08,93
2020-04-09,94
2020-04-10,94
2020-04-11,92
2020-04-12,97
2020-04-13,90
2020-04-14,93
2020-04-15,96
2020-04-16,92
2020-04-17,97
2020-04-18,95
2020-04-19,90
2020-04-20,91
2020-04-21,92
2020-04-22,95
2020-04-23,90
2020-04-24,96
2020-04-25,95
2020-04-26,89
2020-04-27,91
2020-04-28,89
2020-04-29,91
2020-04-30,90
2020-05-01,100
2020-05-02,91
2020-05-03,93
2020-05-04,88
2020-05-05,88
2020-05-06,91
2020-05-07,94
2020-05-08,93
2020-05-09,91
2020-05-10,95
2020-05-11,91
2020-05-12,90
2020-05-13,93
2020-05-14,91
2020-05-15,92
2020-05-16,90
2020-05-17,93
2020-05-18,89
2020-05-19,96
2020-05-20,91
2020-05-21,93
2020-05-22,88
2020-05-23,93
2020-05-24,88
2020-05-25,94
2020-05-26,89
2020-05-27,87
2020-05-28,87
2020-05-29,91
2020-05-30,86
2020-05-31,92
2020-06-01,93
2020-06-02,94
2020-06-03,95
2020-06-04,93
2020-06-05,94
2020-06-06,90
2020-06-07,90
2020-06-08,93
2020-06-09,96
2020-06-10,99
2020-06-11,95
2020-06-12,93
2020-06-13,90
2020-06-14,91
2020-06-15,94
2020-06-16,90
2020-06-17,94
2020-06-18,95
2020-06-19,97
2020-06-20,94
2020-06-21,91
2020-06-22,97
2020-06-23,97
2020-06-24,98
2020-06-25,100
2020-06-26,98
2020-06-27,89
2020-06-28,91
2020-06-29,97
2020-06-30,99
2020-07-01,100
2020-07-02,96
2020-07-03,97
2020-07-04,96
2020-07-05,97
2020-07-06,100
2020-07-07,96
2020-07-08,97
2020-07-09,97
2020-07-10,96
2020-07-11,88
2020-07-12,93
2020-07-13,91
2020-07-14,93
2020-07-15,88
2020-07-16,87
2020-07-17,93
2020-07-18,87
2020-07-19,86
2020-07-20,89
2020-07-21,90
2020-07-22,89
2020-07-23,87
2020-07-24,92
2020-07-25,85
2020-07-26,82
2020-07-27,85
2020-07-28,87
2020-07-29,88
2020-07-30,88
2020-07-31,88
2020-08-01,90
2020-08-02,92
2020-08-03,97
2020-08-04,97
2020-08-05,100
2020-08-06,96
2020-08-07,93
2020-08-08,97
2020-08-09,91
2020-08-10,97
2020-08-11,94
2020-08-12,95
2020-08-13,91
2020-08-14,90
2020-08-15,86
2020-08-16,89
2020-08-17,94
2020-08-18,91
2020-08-19,93
2020-08-20,93
2020-08-21,94
2020-08-22,87
2020-08-23,88
2020-08-24,95
2020-08-25,95
2020-08-26,92
2020-08-27,95
2020-08-28,91
2020-08-29,91
2020-08-30,88
2020-08-31,93
2020-09-01,95
2020-09-02,100
2020-09-03,91
2020-09-04,84
2020-09-05,87
2020-09-06,86
2020-09-07,89
2020-09-08,89
2020-09-09,93
2020-09-10,93
2020-09-11,90
2020-09-12,88
2020-09-13,84
2020-09-14,88
2020-09-15,87
2020-09-16,86
2020-09-17,91
2020-09-18,91
2020-09-19,82
2020-09-20,79
2020-09-21,85
2020-09-22,84
2020-09-23,85
2020-09-24,88
2020-09-25,92
2020-09-26,80
2020-09-27,84
2020-09-28,87
2020-09-29,87
2020-09-30,88
2020-10-01,93
2020-10-02,91
2020-10-03,88
2020-10-04,85
2020-10-05,95
2020-10-06,98
2020-10-07,95
2020-10-08,92
2020-10-09,94
2020-10-10,88
2020-10-11,88
2020-10-12,92
2020-10-13,97
2020-10-14,91
2020-10-15,95
2020-10-16,90
2020-10-17,91
2020-10-18,88
2020-10-19,100
2020-10-20,96
2020-10-21,97
2020-10-22,98
2020-10-23,92
2020-10-24,91
2020-10-25,95
2020-10-26,92
2020-10-27,97
2020-10-28,99
2020-10-29,100
2020-10-30,99
2020-10-31,100
2020-11-01,96
2020-11-02,97
2020-11-03,97
2020-11-04,86
2020-11-05,84
2020-11-06,91
2020-11-07,85
2020-11-08,92
2020-11-09,95
2020-11-10,95
2020-11-11,95
2020-11-12,100
2020-11-13,96
2020-11-14,96
2020-11-15,91
2020-11-16,94
2020-11-17,100
2020-11-18,99
2020-11-19,100
2020-11-20,94
2020-11-21,94
2020-11-22,90
2020-11-23,94
2020-11-24,97
2020-11-25,94
2020-11-26,98
2020-11-27,91
2020-11-28,89
2020-11-29,88
2020-11-30,92
2020-12-01,93
2020-12-02,93
2020-12-03,95
2020-12-04,90
2020-12-05,89
2020-12-06,83
2020-12-07,90
2020-12-08,89
2020-12-09,90
2020-12-10,97
2020-12-11,92
2020-12-12,85
2020-12-13,83
2020-12-14,93
2020-12-15,89
2020-12-16,97
2020-12-17,97
2020-12-18,100
2020-12-19,92
2020-12-20,86
2020-12-21,93
2020-12-22,91
2020-12-23,88
2020-12-24,94
2020-12-25,93
2020-12-26,89
2020-12-27,84
2020-12-28,89
2020-12-29,90
2020-12-30,84
2020-12-31,86
2021-01-01,96
2021-01-02,93
2021-01-03,98
2021-01-04,100
2021-01-05,95
2021-01-06,91
2021-01-07,96
2021-01-08,98
2021-01-09,89
2021-01-10,93
2021-01-11,91
2021-01-12,100
2021-01-13,94
2021-01-14,96
2021-01-15,94
2021-01-16,84
2021-01-17,84
2021-01-18,89
2021-01-19,90
2021-01-20,87
2021-01-21,90
2021-01-22,90
2021-01-23,94
2021-01-24,87
2021-01-25,92
2021-01-26,92
2021-01-27,93
2021-01-28,84
2021-01-29,90
2021-01-30,91
2021-01-31,83
2021-02-01,98
2021-02-02,98
2021-02-03,97
2021-02-04,99
2021-02-05,93
2021-02-06,91
2021-02-07,81
2021-02-08,91
2021-02-09,95
2021-02-10,96
2021-02-11,90
2021-02-12,95
2021-02-13,88
2021-02-14,91
2021-02-15,94
2021-02-16,92
2021-02-17,95
2021-02-18,92
2021-02-19,100
2021-02-20,91
2021-02-21,90
2021-02-22,90
2021-02-23,94
2021-02-24,90
2021-02-25,92
2021-02-26,96
2021-02-27,88
2021-02-28,87
2021-03-01,99
2021-03-02,96
2021-03-03,100
2021-03-04,98
2021-03-05,99
2021-03-06,91
2021-03-07,89
2021-03-08,97
2021-03-09,94
2021-03-10,91
2021-03-11,95
2021-03-12,89
2021-03-13,91
2021-03-14,88
2021-03-15,85
2021-03-16,91
2021-03-17,91
2021-03-18,96
2021-03-19,93
2021-03-20,89
2021-03-21,90
2021-03-22,96
2021-03-23,98
2021-03-24,97
2021-03-25,96
2021-03-26,98
2021-03-27,87
2021-03-28,85
2021-03-29,94
2021-03-30,94
2021-03-31,100
2021-04-01,97
2021-04-02,87
2021-04-03,83
2021-04-04,89
2021-04-05,92
2021-04-06,91
2021-04-07,92
2021-04-08,100
2021-04-09,91
2021-04-10,87
2021-04-11,89
2021-04-12,94
2021-04-13,90
2021-04-14,94
2021-04-15,97
2021-04-16,93
2021-04-17,88
2021-04-18,85
2021-04-19,91
2021-04-20,93
2021-04-21,90
2021-04-22,92
2021-04-23,92
2021-04-24,86
2021-04-25,88
2021-04-26,85
2021-04-27,94
2021-04-28,93
2021-04-29,92
2021-04-30,92
2021-05-01,85
2021-05-02,88
2021-05-03,89
2021-05-04,90
2021-05-05,94
2021-05-06,91
2021-05-07,97
2021-05-08,82
2021-05-09,86
2021-05-10,93
2021-05-11,95
2021-05-12,93
2021-05-13,96
2021-05-14,95
2021-05-15,83
2021-05-16,84
2021-05-17,86
2021-05-18,95
2021-05-19,92
2021-05-20,91
2021-05-21,91
2021-05-22,87
2021-05-23,91
2021-05-24,95
2021-05-25,95
2021-05-26,100
2021-05-27,99
2021-05-28,92
2021-05-29,87
2021-05-30,89
2021-05-31,88
