date,Google
2012-01-01,91
2012-01-02,85
2012-01-03,87
2012-01-04,86
2012-01-05,88
2012-01-06,86
2012-01-07,91
2012-01-08,86
2012-01-09,86
2012-01-10,84
2012-01-11,90
2012-01-12,86
2012-01-13,91
2012-01-14,89
2012-01-15,87
2012-01-16,84
2012-01-17,85
2012-01-18,100
2012-01-19,90
2012-01-20,87
2012-01-21,86
2012-01-22,82
2012-01-23,84
2012-01-24,85
2012-01-25,87
2012-01-26,86
2012-01-27,88
2012-01-28,87
2012-01-29,86
2012-01-30,85
2012-01-31,84
2012-02-01,92
2012-02-02,94
2012-02-03,91
2012-02-04,91
2012-02-05,92
2012-02-06,90
2012-02-07,90
2012-02-08,93
2012-02-09,94
2012-02-10,93
2012-02-11,92
2012-02-12,92
2012-02-13,89
2012-02-14,100
2012-02-15,96
2012-02-16,91
2012-02-17,95
2012-02-18,92
2012-02-19,89
2012-02-20,90
2012-02-21,92
2012-02-22,99
2012-02-23,96
2012-02-24,95
2012-02-25,94
2012-02-26,92
2012-02-27,92
2012-02-28,93
2012-02-29,98
2012-03-01,90
2012-03-02,86
2012-03-03,86
2012-03-04,84
2012-03-05,85
2012-03-06,92
2012-03-07,92
2012-03-08,100
2012-03-09,95
2012-03-10,92
2012-03-11,92
2012-03-12,92
2012-03-13,91
2012-03-14,97
2012-03-15,93
2012-03-16,94
2012-03-17,96
2012-03-18,93
2012-03-19,90
2012-03-20,95
2012-03-21,94
2012-03-22,95
2012-03-23,94
2012-03-24,91
2012-03-25,88
2012-03-26,88
2012-03-27,94
2012-03-28,95
2012-03-29,92
2012-03-30,95
2012-03-31,93
2012-04-01,82
2012-04-02,76
2012-04-03,75
2012-04-04,80
2012-04-05,77
2012-04-06,76
2012-04-07,80
2012-04-08,76
2012-04-09,81
2012-04-10,76
2012-04-11,76
2012-04-12,76
2012-04-13,78
2012-04-14,79
2012-04-15,72
2012-04-16,74
2012-04-17,79
2012-04-18,77
2012-04-19,77
2012-04-20,78
2012-04-21,78
2012-04-22,78
2012-04-23,80
2012-04-24,100
2012-04-25,93
2012-04-26,87
2012-04-27,83
2012-04-28,82
2012-04-29,78
2012-04-30,80
2012-05-01,82
2012-05-02,81
2012-05-03,81
2012-05-04,85
2012-05-05,79
2012-05-06,80
2012-05-07,80
2012-05-08,82
2012-05-09,82
2012-05-10,82
2012-05-11,82
2012-05-12,83
2012-05-13,81
2012-05-14,80
2012-05-15,81
2012-05-16,84
2012-05-17,84
2012-05-18,85
2012-05-19,84
2012-05-20,81
2012-05-21,82
2012-05-22,84
2012-05-23,100
2012-05-24,83
2012-05-25,82
2012-05-26,82
2012-05-27,80
2012-05-28,79
2012-05-29,82
2012-05-30,83
2012-05-31,83
2012-06-01,90
2012-06-02,91
2012-06-03,87
2012-06-04,84
2012-06-05,93
2012-06-06,88
2012-06-07,91
2012-06-08,89
2012-06-09,90
2012-06-10,87
2012-06-11,87
2012-06-12,88
2012-06-13,86
2012-06-14,90
2012-06-15,89
2012-06-16,89
2012-06-17,91
2012-06-18,88
2012-06-19,88
2012-06-20,89
2012-06-21,89
2012-06-22,91
2012-06-23,97
2012-06-24,89
2012-06-25,88
2012-06-26,89
2012-06-27,92
2012-06-28,96
2012-06-29,95
2012-06-30,100
2012-07-01,95
2012-07-02,93
2012-07-03,94
2012-07-04,95
2012-07-05,98
2012-07-06,93
2012-07-07,99
2012-07-08,94
2012-07-09,90
2012-07-10,92
2012-07-11,96
2012-07-12,96
2012-07-13,91
2012-07-14,97
2012-07-15,94
2012-07-16,93
2012-07-17,92
2012-07-18,93
2012-07-19,95
2012-07-20,97
2012-07-21,99
2012-07-22,96
2012-07-23,91
2012-07-24,96
2012-07-25,93
2012-07-26,95
2012-07-27,100
2012-07-28,99
2012-07-29,99
2012-07-30,93
2012-07-31,97
2012-08-01,89
2012-08-02,89
2012-08-03,91
2012-08-04,89
2012-08-05,87
2012-08-06,85
2012-08-07,100
2012-08-08,93
2012-08-09,94
2012-08-10,92
2012-08-11,91
2012-08-12,90
2012-08-13,86
2012-08-14,88
2012-08-15,86
2012-08-16,87
2012-08-17,92
2012-08-18,90
2012-08-19,90
2012-08-20,88
2012-08-21,90
2012-08-22,92
2012-08-23,89
2012-08-24,91
2012-08-25,93
2012-08-26,89
2012-08-27,87
2012-08-28,89
2012-08-29,89
2012-08-30,90
2012-08-31,92
2012-09-01,86
2012-09-02,85
2012-09-03,84
2012-09-04,86
2012-09-05,86
2012-09-06,88
2012-09-07,92
2012-09-08,91
2012-09-09,86
2012-09-10,84
2012-09-11,88
2012-09-12,89
2012-09-13,89
2012-09-14,90
2012-09-15,88
2012-09-16,86
2012-09-17,86
2012-09-18,85
2012-09-19,87
2012-09-20,91
2012-09-21,91
2012-09-22,93
2012-09-23,89
2012-09-24,87
2012-09-25,89
2012-09-26,90
2012-09-27,100
2012-09-28,92
2012-09-29,92
2012-09-30,92
2012-10-01,75
2012-10-02,76
2012-10-03,76
2012-10-04,83
2012-10-05,86
2012-10-06,91
2012-10-07,87
2012-10-08,83
2012-10-09,89
2012-10-10,89
2012-10-11,89
2012-10-12,91
2012-10-13,94
2012-10-14,94
2012-10-15,94
2012-10-16,88
2012-10-17,90
2012-10-18,94
2012-10-19,96
2012-10-20,92
2012-10-21,94
2012-10-22,90
2012-10-23,93
2012-10-24,91
2012-10-25,90
2012-10-26,92
2012-10-27,93
2012-10-28,88
2012-10-29,93
2012-10-30,95
2012-10-31,100
2012-11-01,98
2012-11-02,95
2012-11-03,94
2012-11-04,96
2012-11-05,92
2012-11-06,89
2012-11-07,91
2012-11-08,94
2012-11-09,94
2012-11-10,96
2012-11-11,92
2012-11-12,92
2012-11-13,92
2012-11-14,94
2012-11-15,95
2012-11-16,94
2012-11-17,94
2012-11-18,92
2012-11-19,92
2012-11-20,94
2012-11-21,93
2012-11-22,94
2012-11-23,95
2012-11-24,98
2012-11-25,92
2012-11-26,95
2012-11-27,93
2012-11-28,98
2012-11-29,95
2012-11-30,100
2012-12-01,77
2012-12-02,76
2012-12-03,75
2012-12-04,75
2012-12-05,77
2012-12-06,78
2012-12-07,77
2012-12-08,80
2012-12-09,78
2012-12-10,77
2012-12-11,78
2012-12-12,77
2012-12-13,78
2012-12-14,78
2012-12-15,83
2012-12-16,77
2012-12-17,74
2012-12-18,79
2012-12-19,76
2012-12-20,80
2012-12-21,80
2012-12-22,85
2012-12-23,82
2012-12-24,86
2012-12-25,100
2012-12-26,87
2012-12-27,86
2012-12-28,84
2012-12-29,84
2012-12-30,82
2012-12-31,85
2013-01-01,100
2013-01-02,95
2013-01-03,94
2013-01-04,95
2013-01-05,98
2013-01-06,97
2013-01-07,95
2013-01-08,95
2013-01-09,92
2013-01-10,93
2013-01-11,94
2013-01-12,95
2013-01-13,98
2013-01-14,91
2013-01-15,95
2013-01-16,99
2013-01-17,95
2013-01-18,98
2013-01-19,98
2013-01-20,95
2013-01-21,91
2013-01-22,94
2013-01-23,91
2013-01-24,96
2013-01-25,95
2013-01-26,100
2013-01-27,96
2013-01-28,97
2013-01-29,96
2013-01-30,93
2013-01-31,94
2013-02-01,92
2013-02-02,93
2013-02-03,92
2013-02-04,89
2013-02-05,91
2013-02-06,93
2013-02-07,89
2013-02-08,93
2013-02-09,94
2013-02-10,91
2013-02-11,90
2013-02-12,92
2013-02-13,89
2013-02-14,100
2013-02-15,96
2013-02-16,95
2013-02-17,94
2013-02-18,87
2013-02-19,92
2013-02-20,90
2013-02-21,92
2013-02-22,95
2013-02-23,95
2013-02-24,92
2013-02-25,89
2013-02-26,91
2013-02-27,95
2013-02-28,94
2013-03-01,96
2013-03-02,95
2013-03-03,97
2013-03-04,92
2013-03-05,93
2013-03-06,95
2013-03-07,92
2013-03-08,98
2013-03-09,95
2013-03-10,96
2013-03-11,93
2013-03-12,93
2013-03-13,94
2013-03-14,100
2013-03-15,93
2013-03-16,94
2013-03-17,94
2013-03-18,96
2013-03-19,92
2013-03-20,95
2013-03-21,96
2013-03-22,98
2013-03-23,98
2013-03-24,95
2013-03-25,92
2013-03-26,92
2013-03-27,95
2013-03-28,94
2013-03-29,97
2013-03-30,96
2013-03-31,97
2013-04-01,100
2013-04-02,92
2013-04-03,91
2013-04-04,91
2013-04-05,89
2013-04-06,93
2013-04-07,93
2013-04-08,91
2013-04-09,89
2013-04-10,94
2013-04-11,94
2013-04-12,97
2013-04-13,97
2013-04-14,92
2013-04-15,92
2013-04-16,93
2013-04-17,95
2013-04-18,95
2013-04-19,92
2013-04-20,95
2013-04-21,90
2013-04-22,94
2013-04-23,93
2013-04-24,93
2013-04-25,96
2013-04-26,94
2013-04-27,94
2013-04-28,96
2013-04-29,92
2013-04-30,95
2013-05-01,95
2013-05-02,92
2013-05-03,90
2013-05-04,94
2013-05-05,93
2013-05-06,89
2013-05-07,90
2013-05-08,94
2013-05-09,96
2013-05-10,90
2013-05-11,93
2013-05-12,96
2013-05-13,91
2013-05-14,92
2013-05-15,92
2013-05-16,94
2013-05-17,95
2013-05-18,93
2013-05-19,91
2013-05-20,92
2013-05-21,90
2013-05-22,92
2013-05-23,91
2013-05-24,92
2013-05-25,94
2013-05-26,93
2013-05-27,91
2013-05-28,92
2013-05-29,94
2013-05-30,93
2013-05-31,100
2013-06-01,99
2013-06-02,93
2013-06-03,92
2013-06-04,88
2013-06-05,91
2013-06-06,90
2013-06-07,92
2013-06-08,96
2013-06-09,93
2013-06-10,92
2013-06-11,90
2013-06-12,94
2013-06-13,92
2013-06-14,92
2013-06-15,96
2013-06-16,94
2013-06-17,94
2013-06-18,91
2013-06-19,91
2013-06-20,92
2013-06-21,97
2013-06-22,100
2013-06-23,96
2013-06-24,92
2013-06-25,97
2013-06-26,93
2013-06-27,94
2013-06-28,93
2013-06-29,100
2013-06-30,96
2013-07-01,90
2013-07-02,93
2013-07-03,95
2013-07-04,94
2013-07-05,95
2013-07-06,100
2013-07-07,95
2013-07-08,93
2013-07-09,94
2013-07-10,94
2013-07-11,92
2013-07-12,94
2013-07-13,98
2013-07-14,92
2013-07-15,92
2013-07-16,91
2013-07-17,90
2013-07-18,86
2013-07-19,91
2013-07-20,93
2013-07-21,90
2013-07-22,86
2013-07-23,89
2013-07-24,90
2013-07-25,92
2013-07-26,94
2013-07-27,93
2013-07-28,91
2013-07-29,87
2013-07-30,89
2013-07-31,89
2013-08-01,91
2013-08-02,92
2013-08-03,96
2013-08-04,93
2013-08-05,91
2013-08-06,92
2013-08-07,93
2013-08-08,94
2013-08-09,93
2013-08-10,97
2013-08-11,96
2013-08-12,90
2013-08-13,93
2013-08-14,96
2013-08-15,93
2013-08-16,96
2013-08-17,99
2013-08-18,93
2013-08-19,90
2013-08-20,95
2013-08-21,95
2013-08-22,98
2013-08-23,97
2013-08-24,99
2013-08-25,100
2013-08-26,91
2013-08-27,94
2013-08-28,95
2013-08-29,93
2013-08-30,94
2013-08-31,97
2013-09-01,81
2013-09-02,79
2013-09-03,80
2013-09-04,83
2013-09-05,82
2013-09-06,85
2013-09-07,86
2013-09-08,82
2013-09-09,80
2013-09-10,82
2013-09-11,83
2013-09-12,82
2013-09-13,84
2013-09-14,85
2013-09-15,83
2013-09-16,81
2013-09-17,80
2013-09-18,85
2013-09-19,88
2013-09-20,89
2013-09-21,91
2013-09-22,88
2013-09-23,86
2013-09-24,84
2013-09-25,83
2013-09-26,85
2013-09-27,100
2013-09-28,87
2013-09-29,85
2013-09-30,81
2013-10-01,97
2013-10-02,97
2013-10-03,100
2013-10-04,98
2013-10-05,97
2013-10-06,94
2013-10-07,96
2013-10-08,94
2013-10-09,93
2013-10-10,95
2013-10-11,94
2013-10-12,95
2013-10-13,96
2013-10-14,93
2013-10-15,97
2013-10-16,93
2013-10-17,96
2013-10-18,97
2013-10-19,96
2013-10-20,96
2013-10-21,96
2013-10-22,100
2013-10-23,93
2013-10-24,94
2013-10-25,94
2013-10-26,96
2013-10-27,98
2013-10-28,91
2013-10-29,95
2013-10-30,93
2013-10-31,100
2013-11-01,99
2013-11-02,97
2013-11-03,94
2013-11-04,96
2013-11-05,96
2013-11-06,95
2013-11-07,94
2013-11-08,100
2013-11-09,97
2013-11-10,90
2013-11-11,93
2013-11-12,93
2013-11-13,95
2013-11-14,95
2013-11-15,94
2013-11-16,96
2013-11-17,91
2013-11-18,94
2013-11-19,93
2013-11-20,95
2013-11-21,92
2013-11-22,100
2013-11-23,98
2013-11-24,94
2013-11-25,90
2013-11-26,90
2013-11-27,90
2013-11-28,97
2013-11-29,92
2013-11-30,94
2013-12-01,79
2013-12-02,81
2013-12-03,85
2013-12-04,80
2013-12-05,81
2013-12-06,82
2013-12-07,86
2013-12-08,82
2013-12-09,84
2013-12-10,80
2013-12-11,80
2013-12-12,84
2013-12-13,79
2013-12-14,84
2013-12-15,81
2013-12-16,82
2013-12-17,82
2013-12-18,83
2013-12-19,81
2013-12-20,84
2013-12-21,86
2013-12-22,83
2013-12-23,80
2013-12-24,87
2013-12-25,100
2013-12-26,88
2013-12-27,88
2013-12-28,87
2013-12-29,85
2013-12-30,82
2013-12-31,87
2014-01-01,100
2014-01-02,95
2014-01-03,93
2014-01-04,93
2014-01-05,96
2014-01-06,94
2014-01-07,91
2014-01-08,92
2014-01-09,96
2014-01-10,95
2014-01-11,92
2014-01-12,92
2014-01-13,94
2014-01-14,92
2014-01-15,93
2014-01-16,97
2014-01-17,95
2014-01-18,95
2014-01-19,96
2014-01-20,91
2014-01-21,93
2014-01-22,93
2014-01-23,90
2014-01-24,95
2014-01-25,94
2014-01-26,97
2014-01-27,93
2014-01-28,94
2014-01-29,93
2014-01-30,95
2014-01-31,96
2014-02-01,90
2014-02-02,89
2014-02-03,88
2014-02-04,89
2014-02-05,90
2014-02-06,92
2014-02-07,100
2014-02-08,92
2014-02-09,88
2014-02-10,89
2014-02-11,89
2014-02-12,91
2014-02-13,90
2014-02-14,93
2014-02-15,93
2014-02-16,87
2014-02-17,88
2014-02-18,88
2014-02-19,88
2014-02-20,90
2014-02-21,90
2014-02-22,91
2014-02-23,87
2014-02-24,86
2014-02-25,86
2014-02-26,89
2014-02-27,90
2014-02-28,90
2014-03-01,100
2014-03-02,93
2014-03-03,94
2014-03-04,93
2014-03-05,91
2014-03-06,92
2014-03-07,96
2014-03-08,97
2014-03-09,93
2014-03-10,95
2014-03-11,93
2014-03-12,93
2014-03-13,93
2014-03-14,96
2014-03-15,95
2014-03-16,91
2014-03-17,90
2014-03-18,95
2014-03-19,94
2014-03-20,100
2014-03-21,96
2014-03-22,96
2014-03-23,92
2014-03-24,93
2014-03-25,91
2014-03-26,93
2014-03-27,93
2014-03-28,93
2014-03-29,95
2014-03-30,93
2014-03-31,92
2014-04-01,100
2014-04-02,98
2014-04-03,96
2014-04-04,95
2014-04-05,97
2014-04-06,95
2014-04-07,93
2014-04-08,94
2014-04-09,94
2014-04-10,95
2014-04-11,99
2014-04-12,97
2014-04-13,96
2014-04-14,95
2014-04-15,93
2014-04-16,96
2014-04-17,97
2014-04-18,99
2014-04-19,100
2014-04-20,95
2014-04-21,100
2014-04-22,99
2014-04-23,95
2014-04-24,96
2014-04-25,98
2014-04-26,97
2014-04-27,95
2014-04-28,98
2014-04-29,95
2014-04-30,99
2014-05-01,94
2014-05-02,95
2014-05-03,94
2014-05-04,96
2014-05-05,96
2014-05-06,95
2014-05-07,95
2014-05-08,95
2014-05-09,94
2014-05-10,96
2014-05-11,95
2014-05-12,96
2014-05-13,93
2014-05-14,94
2014-05-15,93
2014-05-16,99
2014-05-17,96
2014-05-18,94
2014-05-19,100
2014-05-20,94
2014-05-21,98
2014-05-22,97
2014-05-23,96
2014-05-24,96
2014-05-25,97
2014-05-26,92
2014-05-27,97
2014-05-28,95
2014-05-29,94
2014-05-30,96
2014-05-31,95
2014-06-01,91
2014-06-02,89
2014-06-03,91
2014-06-04,90
2014-06-05,93
2014-06-06,96
2014-06-07,97
2014-06-08,95
2014-06-09,89
2014-06-10,90
2014-06-11,89
2014-06-12,94
2014-06-13,94
2014-06-14,100
2014-06-15,97
2014-06-16,93
2014-06-17,92
2014-06-18,91
2014-06-19,94
2014-06-20,93
2014-06-21,91
2014-06-22,95
2014-06-23,91
2014-06-24,89
2014-06-25,93
2014-06-26,89
2014-06-27,88
2014-06-28,94
2014-06-29,90
2014-06-30,85
2014-07-01,91
2014-07-02,89
2014-07-03,93
2014-07-04,96
2014-07-05,93
2014-07-06,97
2014-07-07,88
2014-07-08,95
2014-07-09,92
2014-07-10,93
2014-07-11,93
2014-07-12,100
2014-07-13,96
2014-07-14,90
2014-07-15,90
2014-07-16,93
2014-07-17,93
2014-07-18,95
2014-07-19,98
2014-07-20,100
2014-07-21,91
2014-07-22,94
2014-07-23,93
2014-07-24,96
2014-07-25,96
2014-07-26,97
2014-07-27,98
2014-07-28,97
2014-07-29,96
2014-07-30,97
2014-07-31,98
2014-08-01,96
2014-08-02,98
2014-08-03,97
2014-08-04,98
2014-08-05,94
2014-08-06,94
2014-08-07,92
2014-08-08,93
2014-08-09,97
2014-08-10,97
2014-08-11,93
2014-08-12,93
2014-08-13,92
2014-08-14,98
2014-08-15,97
2014-08-16,95
2014-08-17,95
2014-08-18,96
2014-08-19,95
2014-08-20,93
2014-08-21,95
2014-08-22,96
2014-08-23,100
2014-08-24,99
2014-08-25,96
2014-08-26,100
2014-08-27,97
2014-08-28,99
2014-08-29,95
2014-08-30,100
2014-08-31,98
2014-09-01,84
2014-09-02,87
2014-09-03,88
2014-09-04,89
2014-09-05,89
2014-09-06,88
2014-09-07,89
2014-09-08,90
2014-09-09,93
2014-09-10,88
2014-09-11,91
2014-09-12,91
2014-09-13,91
2014-09-14,86
2014-09-15,88
2014-09-16,87
2014-09-17,90
2014-09-18,89
2014-09-19,94
2014-09-20,89
2014-09-21,86
2014-09-22,90
2014-09-23,91
2014-09-24,89
2014-09-25,89
2014-09-26,89
2014-09-27,100
2014-09-28,90
2014-09-29,85
2014-09-30,89
2014-10-01,92
2014-10-02,90
2014-10-03,93
2014-10-04,89
2014-10-05,86
2014-10-06,92
2014-10-07,88
2014-10-08,92
2014-10-09,97
2014-10-10,96
2014-10-11,99
2014-10-12,94
2014-10-13,96
2014-10-14,97
2014-10-15,99
2014-10-16,97
2014-10-17,98
2014-10-18,100
2014-10-19,97
2014-10-20,94
2014-10-21,100
2014-10-22,95
2014-10-23,98
2014-10-24,97
2014-10-25,95
2014-10-26,92
2014-10-27,93
2014-10-28,95
2014-10-29,95
2014-10-30,92
2014-10-31,99
2014-11-01,100
2014-11-02,96
2014-11-03,98
2014-11-04,99
2014-11-05,97
2014-11-06,98
2014-11-07,99
2014-11-08,97
2014-11-09,94
2014-11-10,95
2014-11-11,94
2014-11-12,96
2014-11-13,99
2014-11-14,98
2014-11-15,97
2014-11-16,94
2014-11-17,94
2014-11-18,97
2014-11-19,99
2014-11-20,98
2014-11-21,96
2014-11-22,95
2014-11-23,89
2014-11-24,90
2014-11-25,91
2014-11-26,89
2014-11-27,86
2014-11-28,88
2014-11-29,89
2014-11-30,90
2014-12-01,91
2014-12-02,90
2014-12-03,89
2014-12-04,92
2014-12-05,91
2014-12-06,92
2014-12-07,89
2014-12-08,88
2014-12-09,91
2014-12-10,87
2014-12-11,87
2014-12-12,89
2014-12-13,90
2014-12-14,90
2014-12-15,88
2014-12-16,89
2014-12-17,89
2014-12-18,89
2014-12-19,89
2014-12-20,92
2014-12-21,88
2014-12-22,84
2014-12-23,86
2014-12-24,95
2014-12-25,100
2014-12-26,93
2014-12-27,89
2014-12-28,89
2014-12-29,86
2014-12-30,86
2014-12-31,91
2015-01-01,95
2015-01-02,95
2015-01-03,93
2015-01-04,95
2015-01-05,93
2015-01-06,94
2015-01-07,97
2015-01-08,99
2015-01-09,96
2015-01-10,94
2015-01-11,93
2015-01-12,95
2015-01-13,98
2015-01-14,98
2015-01-15,97
2015-01-16,98
2015-01-17,94
2015-01-18,97
2015-01-19,95
2015-01-20,96
2015-01-21,93
2015-01-22,97
2015-01-23,100
2015-01-24,98
2015-01-25,93
2015-01-26,92
2015-01-27,97
2015-01-28,95
2015-01-29,95
2015-01-30,95
2015-01-31,97
2015-02-01,96
2015-02-02,95
2015-02-03,95
2015-02-04,100
2015-02-05,98
2015-02-06,100
2015-02-07,99
2015-02-08,93
2015-02-09,96
2015-02-10,95
2015-02-11,99
2015-02-12,99
2015-02-13,96
2015-02-14,98
2015-02-15,93
2015-02-16,96
2015-02-17,93
2015-02-18,96
2015-02-19,96
2015-02-20,97
2015-02-21,93
2015-02-22,93
2015-02-23,96
2015-02-24,97
2015-02-25,98
2015-02-26,99
2015-02-27,97
2015-02-28,98
2015-03-01,90
2015-03-02,97
2015-03-03,98
2015-03-04,97
2015-03-05,99
2015-03-06,93
2015-03-07,95
2015-03-08,95
2015-03-09,98
2015-03-10,93
2015-03-11,99
2015-03-12,100
2015-03-13,95
2015-03-14,92
2015-03-15,90
2015-03-16,95
2015-03-17,97
2015-03-18,95
2015-03-19,92
2015-03-20,98
2015-03-21,94
2015-03-22,94
2015-03-23,93
2015-03-24,94
2015-03-25,91
2015-03-26,95
2015-03-27,96
2015-03-28,95
2015-03-29,91
2015-03-30,92
2015-03-31,95
2015-04-01,100
2015-04-02,98
2015-04-03,91
2015-04-04,91
2015-04-05,92
2015-04-06,93
2015-04-07,97
2015-04-08,92
2015-04-09,95
2015-04-10,95
2015-04-11,96
2015-04-12,91
2015-04-13,97
2015-04-14,97
2015-04-15,95
2015-04-16,96
2015-04-17,94
2015-04-18,96
2015-04-19,91
2015-04-20,93
2015-04-21,100
2015-04-22,98
2015-04-23,94
2015-04-24,94
2015-04-25,94
2015-04-26,92
2015-04-27,95
2015-04-28,95
2015-04-29,93
2015-04-30,96
2015-05-01,96
2015-05-02,93
2015-05-03,91
2015-05-04,98
2015-05-05,99
2015-05-06,94
2015-05-07,96
2015-05-08,97
2015-05-09,94
2015-05-10,94
2015-05-11,98
2015-05-12,99
2015-05-13,97
2015-05-14,93
2015-05-15,91
2015-05-16,93
2015-05-17,95
2015-05-18,92
2015-05-19,98
2015-05-20,95
2015-05-21,95
2015-05-22,96
2015-05-23,93
2015-05-24,90
2015-05-25,93
2015-05-26,100
2015-05-27,95
2015-05-28,94
2015-05-29,92
2015-05-30,93
2015-05-31,90
2015-06-01,100
2015-06-02,100
2015-06-03,100
2015-06-04,99
2015-06-05,99
2015-06-06,97
2015-06-07,94
2015-06-08,94
2015-06-09,95
2015-06-10,98
2015-06-11,97
2015-06-12,98
2015-06-13,93
2015-06-14,94
2015-06-15,93
2015-06-16,95
2015-06-17,94
2015-06-18,91
2015-06-19,92
2015-06-20,96
2015-06-21,91
2015-06-22,94
2015-06-23,96
2015-06-24,92
2015-06-25,91
2015-06-26,92
2015-06-27,97
2015-06-28,91
2015-06-29,89
2015-06-30,95
2015-07-01,93
2015-07-02,94
2015-07-03,93
2015-07-04,92
2015-07-05,95
2015-07-06,91
2015-07-07,97
2015-07-08,93
2015-07-09,93
2015-07-10,95
2015-07-11,94
2015-07-12,92
2015-07-13,92
2015-07-14,98
2015-07-15,93
2015-07-16,94
2015-07-17,97
2015-07-18,96
2015-07-19,96
2015-07-20,96
2015-07-21,94
2015-07-22,91
2015-07-23,94
2015-07-24,95
2015-07-25,100
2015-07-26,96
2015-07-27,93
2015-07-28,95
2015-07-29,96
2015-07-30,95
2015-07-31,95
2015-08-01,100
2015-08-02,93
2015-08-03,92
2015-08-04,93
2015-08-05,94
2015-08-06,98
2015-08-07,96
2015-08-08,97
2015-08-09,94
2015-08-10,94
2015-08-11,97
2015-08-12,93
2015-08-13,93
2015-08-14,93
2015-08-15,96
2015-08-16,91
2015-08-17,94
2015-08-18,96
2015-08-19,95
2015-08-20,97
2015-08-21,97
2015-08-22,97
2015-08-23,89
2015-08-24,96
2015-08-25,95
2015-08-26,95
2015-08-27,97
2015-08-28,93
2015-08-29,93
2015-08-30,91
2015-08-31,94
2015-09-01,93
2015-09-02,100
2015-09-03,96
2015-09-04,95
2015-09-05,91
2015-09-06,92
2015-09-07,90
2015-09-08,92
2015-09-09,91
2015-09-10,96
2015-09-11,93
2015-09-12,88
2015-09-13,84
2015-09-14,91
2015-09-15,90
2015-09-16,89
2015-09-17,87
2015-09-18,85
2015-09-19,83
2015-09-20,81
2015-09-21,85
2015-09-22,89
2015-09-23,88
2015-09-24,88
2015-09-25,87
2015-09-26,83
2015-09-27,86
2015-09-28,89
2015-09-29,92
2015-09-30,90
2015-10-01,97
2015-10-02,98
2015-10-03,91
2015-10-04,89
2015-10-05,96
2015-10-06,98
2015-10-07,100
2015-10-08,96
2015-10-09,96
2015-10-10,91
2015-10-11,91
2015-10-12,95
2015-10-13,96
2015-10-14,96
2015-10-15,99
2015-10-16,94
2015-10-17,94
2015-10-18,92
2015-10-19,95
2015-10-20,98
2015-10-21,95
2015-10-22,96
2015-10-23,96
2015-10-24,89
2015-10-25,88
2015-10-26,95
2015-10-27,91
2015-10-28,94
2015-10-29,100
2015-10-30,98
2015-10-31,92
2015-11-01,92
2015-11-02,100
2015-11-03,97
2015-11-04,99
2015-11-05,98
2015-11-06,99
2015-11-07,92
2015-11-08,91
2015-11-09,96
2015-11-10,99
2015-11-11,95
2015-11-12,99
2015-11-13,96
2015-11-14,91
2015-11-15,89
2015-11-16,96
2015-11-17,97
2015-11-18,93
2015-11-19,98
2015-11-20,95
2015-11-21,90
2015-11-22,87
2015-11-23,94
2015-11-24,98
2015-11-25,94
2015-11-26,92
2015-11-27,89
2015-11-28,88
2015-11-29,87
2015-11-30,92
2015-12-01,97
2015-12-02,97
2015-12-03,98
2015-12-04,99
2015-12-05,92
2015-12-06,91
2015-12-07,95
2015-12-08,95
2015-12-09,98
2015-12-10,100
2015-12-11,95
2015-12-12,94
2015-12-13,91
2015-12-14,96
2015-12-15,92
2015-12-16,92
2015-12-17,98
2015-12-18,95
2015-12-19,91
2015-12-20,86
2015-12-21,87
2015-12-22,89
2015-12-23,91
2015-12-24,92
2015-12-25,95
2015-12-26,91
2015-12-27,86
2015-12-28,87
2015-12-29,88
2015-12-30,88
2015-12-31,95
2016-01-01,91
2016-01-02,89
2016-01-03,88
2016-01-04,96
2016-01-05,100
2016-01-06,98
2016-01-07,96
2016-01-08,93
2016-01-09,93
2016-01-10,85
2016-01-11,96
2016-01-12,100
2016-01-13,98
2016-01-14,97
2016-01-15,97
2016-01-16,90
2016-01-17,88
2016-01-18,95
2016-01-19,97
2016-01-20,96
2016-01-21,98
2016-01-22,98
2016-01-23,91
2016-01-24,88
2016-01-25,95
2016-01-26,98
2016-01-27,95
2016-01-28,99
2016-01-29,96
2016-01-30,89
2016-01-31,87
2016-02-01,97
2016-02-02,97
2016-02-03,100
2016-02-04,97
2016-02-05,97
2016-02-06,90
2016-02-07,87
2016-02-08,90
2016-02-09,99
2016-02-10,95
2016-02-11,98
2016-02-12,97
2016-02-13,87
2016-02-14,88
2016-02-15,92
2016-02-16,95
2016-02-17,97
2016-02-18,96
2016-02-19,97
2016-02-20,91
2016-02-21,90
2016-02-22,95
2016-02-23,96
2016-02-24,96
2016-02-25,97
2016-02-26,97
2016-02-27,88
2016-02-28,89
2016-02-29,98
2016-03-01,95
2016-03-02,95
2016-03-03,97
2016-03-04,96
2016-03-05,87
2016-03-06,88
2016-03-07,97
2016-03-08,100
2016-03-09,100
2016-03-10,97
2016-03-11,93
2016-03-12,90
2016-03-13,86
2016-03-14,93
2016-03-15,96
2016-03-16,96
2016-03-17,95
2016-03-18,91
2016-03-19,91
2016-03-20,84
2016-03-21,94
2016-03-22,91
2016-03-23,93
2016-03-24,91
2016-03-25,87
2016-03-26,85
2016-03-27,86
2016-03-28,93
2016-03-29,91
2016-03-30,92
2016-03-31,93
2016-04-01,97
2016-04-02,90
2016-04-03,84
2016-04-04,94
2016-04-05,94
2016-04-06,98
2016-04-07,98
2016-04-08,92
2016-04-09,85
2016-04-10,84
2016-04-11,98
2016-04-12,94
2016-04-13,95
2016-04-14,93
2016-04-15,92
2016-04-16,86
2016-04-17,85
2016-04-18,95
2016-04-19,94
2016-04-20,94
2016-04-21,96
2016-04-22,100
2016-04-23,88
2016-04-24,84
2016-04-25,92
2016-04-26,92
2016-04-27,95
2016-04-28,94
2016-04-29,90
2016-04-30,87
2016-05-01,84
2016-05-02,94
2016-05-03,100
2016-05-04,98
2016-05-05,94
2016-05-06,95
2016-05-07,88
2016-05-08,86
2016-05-09,95
2016-05-10,94
2016-05-11,94
2016-05-12,93
2016-05-13,94
2016-05-14,85
2016-05-15,83
2016-05-16,93
2016-05-17,94
2016-05-18,93
2016-05-19,94
2016-05-20,92
2016-05-21,86
2016-05-22,84
2016-05-23,94
2016-05-24,94
2016-05-25,91
2016-05-26,93
2016-05-27,93
2016-05-28,87
2016-05-29,81
2016-05-30,88
2016-05-31,91
2016-06-01,96
2016-06-02,100
2016-06-03,95
2016-06-04,89
2016-06-05,86
2016-06-06,93
2016-06-07,94
2016-06-08,94
2016-06-09,97
2016-06-10,93
2016-06-11,84
2016-06-12,86
2016-06-13,90
2016-06-14,95
2016-06-15,97
2016-06-16,92
2016-06-17,90
2016-06-18,87
2016-06-19,88
2016-06-20,94
2016-06-21,91
2016-06-22,92
2016-06-23,91
2016-06-24,91
2016-06-25,88
2016-06-26,83
2016-06-27,92
2016-06-28,90
2016-06-29,93
2016-06-30,90
2016-07-01,91
2016-07-02,87
2016-07-03,86
2016-07-04,93
2016-07-05,99
2016-07-06,95
2016-07-07,95
2016-07-08,93
2016-07-09,94
2016-07-10,87
2016-07-11,95
2016-07-12,97
2016-07-13,95
2016-07-14,100
2016-07-15,93
2016-07-16,91
2016-07-17,86
2016-07-18,94
2016-07-19,99
2016-07-20,96
2016-07-21,92
2016-07-22,97
2016-07-23,91
2016-07-24,91
2016-07-25,95
2016-07-26,98
2016-07-27,95
2016-07-28,95
2016-07-29,96
2016-07-30,90
2016-07-31,88
2016-08-01,82
2016-08-02,86
2016-08-03,85
2016-08-04,91
2016-08-05,93
2016-08-06,95
2016-08-07,90
2016-08-08,94
2016-08-09,95
2016-08-10,98
2016-08-11,96
2016-08-12,92
2016-08-13,91
2016-08-14,90
2016-08-15,92
2016-08-16,96
2016-08-17,97
2016-08-18,97
2016-08-19,98
2016-08-20,96
2016-08-21,89
2016-08-22,100
2016-08-23,99
2016-08-24,92
2016-08-25,89
2016-08-26,89
2016-08-27,81
2016-08-28,77
2016-08-29,88
2016-08-30,87
2016-08-31,91
2016-09-01,95
2016-09-02,95
2016-09-03,86
2016-09-04,85
2016-09-05,90
2016-09-06,95
2016-09-07,93
2016-09-08,89
2016-09-09,88
2016-09-10,82
2016-09-11,79
2016-09-12,94
2016-09-13,97
2016-09-14,97
2016-09-15,99
2016-09-16,94
2016-09-17,86
2016-09-18,83
2016-09-19,94
2016-09-20,97
2016-09-21,96
2016-09-22,100
2016-09-23,95
2016-09-24,89
2016-09-25,82
2016-09-26,95
2016-09-27,100
2016-09-28,98
2016-09-29,97
2016-09-30,94
2016-10-01,81
2016-10-02,81
2016-10-03,90
2016-10-04,99
2016-10-05,100
2016-10-06,95
2016-10-07,91
2016-10-08,82
2016-10-09,79
2016-10-10,90
2016-10-11,95
2016-10-12,92
2016-10-13,93
2016-10-14,91
2016-10-15,83
2016-10-16,79
2016-10-17,89
2016-10-18,90
2016-10-19,88
2016-10-20,94
2016-10-21,91
2016-10-22,82
2016-10-23,80
2016-10-24,92
2016-10-25,93
2016-10-26,91
2016-10-27,95
2016-10-28,87
2016-10-29,83
2016-10-30,84
2016-10-31,92
2016-11-01,97
2016-11-02,100
2016-11-03,97
2016-11-04,94
2016-11-05,86
2016-11-06,84
2016-11-07,95
2016-11-08,94
2016-11-09,90
2016-11-10,98
2016-11-11,93
2016-11-12,84
2016-11-13,83
2016-11-14,98
2016-11-15,99
2016-11-16,99
2016-11-17,98
2016-11-18,97
2016-11-19,89
2016-11-20,83
2016-11-21,95
2016-11-22,95
2016-11-23,93
2016-11-24,90
2016-11-25,91
2016-11-26,83
2016-11-27,84
2016-11-28,93
2016-11-29,96
2016-11-30,94
2016-12-01,97
2016-12-02,93
2016-12-03,85
2016-12-04,81
2016-12-05,91
2016-12-06,93
2016-12-07,95
2016-12-08,91
2016-12-09,100
2016-12-10,98
2016-12-11,88
2016-12-12,90
2016-12-13,91
2016-12-14,96
2016-12-15,96
2016-12-16,93
2016-12-17,84
2016-12-18,82
2016-12-19,92
2016-12-20,92
2016-12-21,92
2016-12-22,88
2016-12-23,89
2016-12-24,87
2016-12-25,88
2016-12-26,84
2016-12-27,86
2016-12-28,88
2016-12-29,90
2016-12-30,83
2016-12-31,80
2017-01-01,85
2017-01-02,89
2017-01-03,99
2017-01-04,96
2017-01-05,98
2017-01-06,97
2017-01-07,88
2017-01-08,86
2017-01-09,94
2017-01-10,97
2017-01-11,98
2017-01-12,97
2017-01-13,95
2017-01-14,85
2017-01-15,85
2017-01-16,94
2017-01-17,98
2017-01-18,95
2017-01-19,99
2017-01-20,94
2017-01-21,85
2017-01-22,83
2017-01-23,99
2017-01-24,100
2017-01-25,95
2017-01-26,94
2017-01-27,94
2017-01-28,88
2017-01-29,85
2017-01-30,92
2017-01-31,97
2017-02-01,92
2017-02-02,96
2017-02-03,95
2017-02-04,82
2017-02-05,78
2017-02-06,93
2017-02-07,94
2017-02-08,93
2017-02-09,94
2017-02-10,94
2017-02-11,84
2017-02-12,80
2017-02-13,95
2017-02-14,100
2017-02-15,94
2017-02-16,96
2017-02-17,90
2017-02-18,85
2017-02-19,79
2017-02-20,90
2017-02-21,95
2017-02-22,91
2017-02-23,100
2017-02-24,98
2017-02-25,86
2017-02-26,83
2017-02-27,91
2017-02-28,95
2017-03-01,97
2017-03-02,97
2017-03-03,95
2017-03-04,85
2017-03-05,81
2017-03-06,90
2017-03-07,93
2017-03-08,100
2017-03-09,94
2017-03-10,94
2017-03-11,82
2017-03-12,79
2017-03-13,90
2017-03-14,90
2017-03-15,96
2017-03-16,93
2017-03-17,92
2017-03-18,82
2017-03-19,81
2017-03-20,94
2017-03-21,95
2017-03-22,95
2017-03-23,92
2017-03-24,89
2017-03-25,85
2017-03-26,79
2017-03-27,93
2017-03-28,92
2017-03-29,94
2017-03-30,92
2017-03-31,91
2017-04-01,87
2017-04-02,82
2017-04-03,95
2017-04-04,95
2017-04-05,92
2017-04-06,96
2017-04-07,90
2017-04-08,81
2017-04-09,79
2017-04-10,89
2017-04-11,92
2017-04-12,93
2017-04-13,92
2017-04-14,86
2017-04-15,79
2017-04-16,80
2017-04-17,87
2017-04-18,95
2017-04-19,92
2017-04-20,94
2017-04-21,92
2017-04-22,84
2017-04-23,81
2017-04-24,95
2017-04-25,95
2017-04-26,100
2017-04-27,99
2017-04-28,97
2017-04-29,83
2017-04-30,82
2017-05-01,91
2017-05-02,95
2017-05-03,99
2017-05-04,97
2017-05-05,95
2017-05-06,87
2017-05-07,84
2017-05-08,94
2017-05-09,97
2017-05-10,93
2017-05-11,98
2017-05-12,95
2017-05-13,83
2017-05-14,82
2017-05-15,98
2017-05-16,98
2017-05-17,98
2017-05-18,100
2017-05-19,95
2017-05-20,84
2017-05-21,81
2017-05-22,95
2017-05-23,94
2017-05-24,95
2017-05-25,94
2017-05-26,93
2017-05-27,79
2017-05-28,78
2017-05-29,91
2017-05-30,92
2017-05-31,92
2017-06-01,100
2017-06-02,92
2017-06-03,83
2017-06-04,80
2017-06-05,92
2017-06-06,96
2017-06-07,94
2017-06-08,91
2017-06-09,92
2017-06-10,84
2017-06-11,80
2017-06-12,90
2017-06-13,93
2017-06-14,92
2017-06-15,91
2017-06-16,91
2017-06-17,86
2017-06-18,84
2017-06-19,93
2017-06-20,95
2017-06-21,92
2017-06-22,94
2017-06-23,88
2017-06-24,84
2017-06-25,82
2017-06-26,93
2017-06-27,95
2017-06-28,93
2017-06-29,93
2017-06-30,96
2017-07-01,94
2017-07-02,88
2017-07-03,100
2017-07-04,100
2017-07-05,96
2017-07-06,96
2017-07-07,96
2017-07-08,90
2017-07-09,84
2017-07-10,99
2017-07-11,94
2017-07-12,98
2017-07-13,97
2017-07-14,93
2017-07-15,88
2017-07-16,86
2017-07-17,97
2017-07-18,95
2017-07-19,94
2017-07-20,94
2017-07-21,95
2017-07-22,87
2017-07-23,83
2017-07-24,94
2017-07-25,95
2017-07-26,87
2017-07-27,86
2017-07-28,85
2017-07-29,85
2017-07-30,81
2017-07-31,86
2017-08-01,92
2017-08-02,92
2017-08-03,92
2017-08-04,90
2017-08-05,85
2017-08-06,83
2017-08-07,89
2017-08-08,88
2017-08-09,93
2017-08-10,93
2017-08-11,93
2017-08-12,86
2017-08-13,86
2017-08-14,92
2017-08-15,91
2017-08-16,94
2017-08-17,95
2017-08-18,94
2017-08-19,86
2017-08-20,86
2017-08-21,92
2017-08-22,95
2017-08-23,96
2017-08-24,96
2017-08-25,95
2017-08-26,88
2017-08-27,86
2017-08-28,92
2017-08-29,100
2017-08-30,98
2017-08-31,97
2017-09-01,93
2017-09-02,82
2017-09-03,81
2017-09-04,87
2017-09-05,93
2017-09-06,91
2017-09-07,92
2017-09-08,90
2017-09-09,82
2017-09-10,81
2017-09-11,90
2017-09-12,93
2017-09-13,96
2017-09-14,95
2017-09-15,93
2017-09-16,84
2017-09-17,79
2017-09-18,95
2017-09-19,93
2017-09-20,93
2017-09-21,95
2017-09-22,96
2017-09-23,85
2017-09-24,83
2017-09-25,92
2017-09-26,96
2017-09-27,100
2017-09-28,94
2017-09-29,92
2017-09-30,85
2017-10-01,82
2017-10-02,96
2017-10-03,97
2017-10-04,99
2017-10-05,99
2017-10-06,96
2017-10-07,84
2017-10-08,83
2017-10-09,92
2017-10-10,97
2017-10-11,95
2017-10-12,96
2017-10-13,93
2017-10-14,83
2017-10-15,82
2017-10-16,93
2017-10-17,98
2017-10-18,96
2017-10-19,99
2017-10-20,93
2017-10-21,84
2017-10-22,82
2017-10-23,100
2017-10-24,93
2017-10-25,93
2017-10-26,97
2017-10-27,94
2017-10-28,84
2017-10-29,85
2017-10-30,93
2017-10-31,97
2017-11-01,96
2017-11-02,94
2017-11-03,95
2017-11-04,83
2017-11-05,86
2017-11-06,97
2017-11-07,100
2017-11-08,100
2017-11-09,99
2017-11-10,93
2017-11-11,87
2017-11-12,84
2017-11-13,98
2017-11-14,99
2017-11-15,99
2017-11-16,96
2017-11-17,95
2017-11-18,86
2017-11-19,84
2017-11-20,93
2017-11-21,93
2017-11-22,92
2017-11-23,88
2017-11-24,88
2017-11-25,88
2017-11-26,85
2017-11-27,91
2017-11-28,96
2017-11-29,93
2017-11-30,95
2017-12-01,92
2017-12-02,85
2017-12-03,85
2017-12-04,100
2017-12-05,100
2017-12-06,98
2017-12-07,95
2017-12-08,91
2017-12-09,87
2017-12-10,85
2017-12-11,94
2017-12-12,98
2017-12-13,96
2017-12-14,97
2017-12-15,96
2017-12-16,85
2017-12-17,80
2017-12-18,92
2017-12-19,93
2017-12-20,94
2017-12-21,93
2017-12-22,92
2017-12-23,82
2017-12-24,86
2017-12-25,91
2017-12-26,88
2017-12-27,92
2017-12-28,87
2017-12-29,87
2017-12-30,84
2017-12-31,83
2018-01-01,87
2018-01-02,93
2018-01-03,90
2018-01-04,90
2018-01-05,90
2018-01-06,87
2018-01-07,82
2018-01-08,94
2018-01-09,94
2018-01-10,95
2018-01-11,94
2018-01-12,95
2018-01-13,88
2018-01-14,82
2018-01-15,91
2018-01-16,95
2018-01-17,96
2018-01-18,96
2018-01-19,93
2018-01-20,85
2018-01-21,84
2018-01-22,96
2018-01-23,95
2018-01-24,97
2018-01-25,100
2018-01-26,92
2018-01-27,85
2018-01-28,82
2018-01-29,95
2018-01-30,100
2018-01-31,97
2018-02-01,97
2018-02-02,96
2018-02-03,85
2018-02-04,82
2018-02-05,94
2018-02-06,100
2018-02-07,93
2018-02-08,98
2018-02-09,100
2018-02-10,89
2018-02-11,84
2018-02-12,97
2018-02-13,97
2018-02-14,98
2018-02-15,100
2018-02-16,97
2018-02-17,88
2018-02-18,84
2018-02-19,93
2018-02-20,97
2018-02-21,97
2018-02-22,99
2018-02-23,96
2018-02-24,89
2018-02-25,82
2018-02-26,96
2018-02-27,97
2018-02-28,97
2018-03-01,94
2018-03-02,92
2018-03-03,82
2018-03-04,81
2018-03-05,92
2018-03-06,97
2018-03-07,97
2018-03-08,100
2018-03-09,95
2018-03-10,85
2018-03-11,84
2018-03-12,94
2018-03-13,96
2018-03-14,95
2018-03-15,93
2018-03-16,91
2018-03-17,83
2018-03-18,78
2018-03-19,95
2018-03-20,93
2018-03-21,97
2018-03-22,95
2018-03-23,92
2018-03-24,81
2018-03-25,81
2018-03-26,94
2018-03-27,91
2018-03-28,93
2018-03-29,92
2018-03-30,85
2018-03-31,80
2018-04-01,80
2018-04-02,89
2018-04-03,93
2018-04-04,94
2018-04-05,92
2018-04-06,90
2018-04-07,81
2018-04-08,80
2018-04-09,94
2018-04-10,94
2018-04-11,96
2018-04-12,94
2018-04-13,93
2018-04-14,84
2018-04-15,83
2018-04-16,94
2018-04-17,94
2018-04-18,100
2018-04-19,98
2018-04-20,96
2018-04-21,86
2018-04-22,87
2018-04-23,99
2018-04-24,97
2018-04-25,100
2018-04-26,97
2018-04-27,96
2018-04-28,87
2018-04-29,85
2018-04-30,99
2018-05-01,93
2018-05-02,95
2018-05-03,100
2018-05-04,99
2018-05-05,84
2018-05-06,81
2018-05-07,96
2018-05-08,97
2018-05-09,100
2018-05-10,99
2018-05-11,92
2018-05-12,85
2018-05-13,84
2018-05-14,98
2018-05-15,97
2018-05-16,95
2018-05-17,95
2018-05-18,94
2018-05-19,79
2018-05-20,84
2018-05-21,93
2018-05-22,99
2018-05-23,98
2018-05-24,95
2018-05-25,90
2018-05-26,82
2018-05-27,82
2018-05-28,86
2018-05-29,97
2018-05-30,94
2018-05-31,90
2018-06-01,95
2018-06-02,87
2018-06-03,85
2018-06-04,98
2018-06-05,100
2018-06-06,99
2018-06-07,98
2018-06-08,97
2018-06-09,88
2018-06-10,89
2018-06-11,99
2018-06-12,93
2018-06-13,95
2018-06-14,95
2018-06-15,94
2018-06-16,86
2018-06-17,90
2018-06-18,99
2018-06-19,97
2018-06-20,97
2018-06-21,97
2018-06-22,95
2018-06-23,87
2018-06-24,85
2018-06-25,96
2018-06-26,95
2018-06-27,95
2018-06-28,98
2018-06-29,96
2018-06-30,89
2018-07-01,88
2018-07-02,94
2018-07-03,96
2018-07-04,100
2018-07-05,94
2018-07-06,90
2018-07-07,88
2018-07-08,84
2018-07-09,92
2018-07-10,94
2018-07-11,94
2018-07-12,95
2018-07-13,96
2018-07-14,89
2018-07-15,87
2018-07-16,95
2018-07-17,96
2018-07-18,95
2018-07-19,95
2018-07-20,92
2018-07-21,87
2018-07-22,83
2018-07-23,93
2018-07-24,94
2018-07-25,94
2018-07-26,94
2018-07-27,92
2018-07-28,87
2018-07-29,85
2018-07-30,92
2018-07-31,94
2018-08-01,94
2018-08-02,92
2018-08-03,86
2018-08-04,85
2018-08-05,79
2018-08-06,86
2018-08-07,89
2018-08-08,88
2018-08-09,91
2018-08-10,86
2018-08-11,82
2018-08-12,81
2018-08-13,90
2018-08-14,90
2018-08-15,91
2018-08-16,94
2018-08-17,90
2018-08-18,83
2018-08-19,79
2018-08-20,90
2018-08-21,93
2018-08-22,94
2018-08-23,91
2018-08-24,92
2018-08-25,87
2018-08-26,82
2018-08-27,96
2018-08-28,100
2018-08-29,100
2018-08-30,95
2018-08-31,92
2018-09-01,81
2018-09-02,79
2018-09-03,87
2018-09-04,95
2018-09-05,96
2018-09-06,96
2018-09-07,94
2018-09-08,82
2018-09-09,83
2018-09-10,96
2018-09-11,100
2018-09-12,95
2018-09-13,96
2018-09-14,96
2018-09-15,83
2018-09-16,81
2018-09-17,96
2018-09-18,94
2018-09-19,97
2018-09-20,96
2018-09-21,95
2018-09-22,81
2018-09-23,79
2018-09-24,97
2018-09-25,96
2018-09-26,96
2018-09-27,97
2018-09-28,93
2018-09-29,79
2018-09-30,81
2018-10-01,97
2018-10-02,93
2018-10-03,94
2018-10-04,93
2018-10-05,89
2018-10-06,81
2018-10-07,79
2018-10-08,89
2018-10-09,99
2018-10-10,97
2018-10-11,96
2018-10-12,91
2018-10-13,81
2018-10-14,80
2018-10-15,95
2018-10-16,95
2018-10-17,96
2018-10-18,93
2018-10-19,92
2018-10-20,78
2018-10-21,77
2018-10-22,93
2018-10-23,90
2018-10-24,92
2018-10-25,95
2018-10-26,91
2018-10-27,82
2018-10-28,79
2018-10-29,96
2018-10-30,100
2018-10-31,97
2018-11-01,96
2018-11-02,96
2018-11-03,85
2018-11-04,80
2018-11-05,94
2018-11-06,96
2018-11-07,92
2018-11-08,96
2018-11-09,92
2018-11-10,82
2018-11-11,81
2018-11-12,93
2018-11-13,98
2018-11-14,97
2018-11-15,93
2018-11-16,91
2018-11-17,84
2018-11-18,80
2018-11-19,94
2018-11-20,97
2018-11-21,91
2018-11-22,87
2018-11-23,87
2018-11-24,84
2018-11-25,80
2018-11-26,97
2018-11-27,96
2018-11-28,98
2018-11-29,100
2018-11-30,94
2018-12-01,83
2018-12-02,83
2018-12-03,95
2018-12-04,100
2018-12-05,99
2018-12-06,98
2018-12-07,96
2018-12-08,82
2018-12-09,79
2018-12-10,96
2018-12-11,98
2018-12-12,96
2018-12-13,97
2018-12-14,91
2018-12-15,81
2018-12-16,77
2018-12-17,88
2018-12-18,91
2018-12-19,89
2018-12-20,88
2018-12-21,89
2018-12-22,81
2018-12-23,78
2018-12-24,83
2018-12-25,85
2018-12-26,82
2018-12-27,85
2018-12-28,82
2018-12-29,78
2018-12-30,78
2018-12-31,79
2019-01-01,81
2019-01-02,91
2019-01-03,93
2019-01-04,90
2019-01-05,82
2019-01-06,82
2019-01-07,95
2019-01-08,100
2019-01-09,97
2019-01-10,95
2019-01-11,97
2019-01-12,84
2019-01-13,85
2019-01-14,97
2019-01-15,98
2019-01-16,96
2019-01-17,96
2019-01-18,94
2019-01-19,81
2019-01-20,79
2019-01-21,88
2019-01-22,97
2019-01-23,96
2019-01-24,99
2019-01-25,96
2019-01-26,85
2019-01-27,82
2019-01-28,94
2019-01-29,94
2019-01-30,93
2019-01-31,97
2019-02-01,93
2019-02-02,83
2019-02-03,81
2019-02-04,94
2019-02-05,100
2019-02-06,95
2019-02-07,97
2019-02-08,96
2019-02-09,82
2019-02-10,80
2019-02-11,96
2019-02-12,95
2019-02-13,98
2019-02-14,100
2019-02-15,92
2019-02-16,84
2019-02-17,81
2019-02-18,89
2019-02-19,96
2019-02-20,93
2019-02-21,96
2019-02-22,96
2019-02-23,84
2019-02-24,81
2019-02-25,97
2019-02-26,98
2019-02-27,95
2019-02-28,97
2019-03-01,89
2019-03-02,82
2019-03-03,77
2019-03-04,88
2019-03-05,92
2019-03-06,90
2019-03-07,93
2019-03-08,95
2019-03-09,80
2019-03-10,77
2019-03-11,96
2019-03-12,96
2019-03-13,94
2019-03-14,94
2019-03-15,89
2019-03-16,79
2019-03-17,80
2019-03-18,94
2019-03-19,94
2019-03-20,100
2019-03-21,96
2019-03-22,94
2019-03-23,78
2019-03-24,73
2019-03-25,91
2019-03-26,92
2019-03-27,94
2019-03-28,93
2019-03-29,90
2019-03-30,80
2019-03-31,77
2019-04-01,100
2019-04-02,100
2019-04-03,98
2019-04-04,100
2019-04-05,99
2019-04-06,83
2019-04-07,83
2019-04-08,96
2019-04-09,96
2019-04-10,97
2019-04-11,99
2019-04-12,98
2019-04-13,84
2019-04-14,83
2019-04-15,96
2019-04-16,99
2019-04-17,98
2019-04-18,95
2019-04-19,89
2019-04-20,84
2019-04-21,80
2019-04-22,93
2019-04-23,98
2019-04-24,98
2019-04-25,95
2019-04-26,95
2019-04-27,82
2019-04-28,85
2019-04-29,97
2019-04-30,97
2019-05-01,83
2019-05-02,84
2019-05-03,83
2019-05-04,71
2019-05-05,69
2019-05-06,85
2019-05-07,88
2019-05-08,86
2019-05-09,83
2019-05-10,83
2019-05-11,72
2019-05-12,74
2019-05-13,90
2019-05-14,91
2019-05-15,90
2019-05-16,87
2019-05-17,84
2019-05-18,71
2019-05-19,71
2019-05-20,100
2019-05-21,91
2019-05-22,90
2019-05-23,85
2019-05-24,86
2019-05-25,72
2019-05-26,69
2019-05-27,77
2019-05-28,83
2019-05-29,83
2019-05-30,80
2019-05-31,80
2019-06-01,81
2019-06-02,80
2019-06-03,94
2019-06-04,100
2019-06-05,91
2019-06-06,95
2019-06-07,94
2019-06-08,84
2019-06-09,82
2019-06-10,93
2019-06-11,97
2019-06-12,98
2019-06-13,94
2019-06-14,95
2019-06-15,82
2019-06-16,83
2019-06-17,94
2019-06-18,97
2019-06-19,93
2019-06-20,91
2019-06-21,92
2019-06-22,81
2019-06-23,82
2019-06-24,91
2019-06-25,97
2019-06-26,91
2019-06-27,90
2019-06-28,89
2019-06-29,81
2019-06-30,80
2019-07-01,86
2019-07-02,90
2019-07-03,90
2019-07-04,89
2019-07-05,87
2019-07-06,77
2019-07-07,79
2019-07-08,90
2019-07-09,91
2019-07-10,89
2019-07-11,89
2019-07-12,87
2019-07-13,78
2019-07-14,74
2019-07-15,87
2019-07-16,90
2019-07-17,88
2019-07-18,98
2019-07-19,100
2019-07-20,87
2019-07-21,81
2019-07-22,99
2019-07-23,100
2019-07-24,98
2019-07-25,97
2019-07-26,97
2019-07-27,86
2019-07-28,81
2019-07-29,99
2019-07-30,100
2019-07-31,95
2019-08-01,97
2019-08-02,99
2019-08-03,86
2019-08-04,79
2019-08-05,100
2019-08-06,100
2019-08-07,98
2019-08-08,99
2019-08-09,95
2019-08-10,82
2019-08-11,83
2019-08-12,94
2019-08-13,90
2019-08-14,86
2019-08-15,90
2019-08-16,90
2019-08-17,81
2019-08-18,79
2019-08-19,91
2019-08-20,97
2019-08-21,95
2019-08-22,97
2019-08-23,92
2019-08-24,82
2019-08-25,81
2019-08-26,95
2019-08-27,96
2019-08-28,93
2019-08-29,96
2019-08-30,90
2019-08-31,82
2019-09-01,73
2019-09-02,82
2019-09-03,90
2019-09-04,89
2019-09-05,92
2019-09-06,85
2019-09-07,76
2019-09-08,76
2019-09-09,92
2019-09-10,93
2019-09-11,90
2019-09-12,93
2019-09-13,90
2019-09-14,78
2019-09-15,76
2019-09-16,92
2019-09-17,93
2019-09-18,96
2019-09-19,93
2019-09-20,94
2019-09-21,76
2019-09-22,75
2019-09-23,93
2019-09-24,91
2019-09-25,92
2019-09-26,94
2019-09-27,100
2019-09-28,78
2019-09-29,76
2019-09-30,96
2019-10-01,99
2019-10-02,100
2019-10-03,99
2019-10-04,97
2019-10-05,80
2019-10-06,78
2019-10-07,94
2019-10-08,98
2019-10-09,99
2019-10-10,97
2019-10-11,94
2019-10-12,80
2019-10-13,81
2019-10-14,96
2019-10-15,98
2019-10-16,94
2019-10-17,98
2019-10-18,91
2019-10-19,78
2019-10-20,79
2019-10-21,94
2019-10-22,100
2019-10-23,96
2019-10-24,95
2019-10-25,92
2019-10-26,79
2019-10-27,78
2019-10-28,91
2019-10-29,94
2019-10-30,91
2019-10-31,97
2019-11-01,86
2019-11-02,77
2019-11-03,77
2019-11-04,95
2019-11-05,95
2019-11-06,92
2019-11-07,97
2019-11-08,92
2019-11-09,78
2019-11-10,77
2019-11-11,92
2019-11-12,93
2019-11-13,93
2019-11-14,96
2019-11-15,91
2019-11-16,78
2019-11-17,78
2019-11-18,94
2019-11-19,100
2019-11-20,99
2019-11-21,95
2019-11-22,92
2019-11-23,77
2019-11-24,75
2019-11-25,93
2019-11-26,91
2019-11-27,88
2019-11-28,87
2019-11-29,84
2019-11-30,78
2019-12-01,71
2019-12-02,85
2019-12-03,88
2019-12-04,91
2019-12-05,89
2019-12-06,84
2019-12-07,80
2019-12-08,80
2019-12-09,99
2019-12-10,100
2019-12-11,86
2019-12-12,87
2019-12-13,81
2019-12-14,72
2019-12-15,70
2019-12-16,83
2019-12-17,82
2019-12-18,81
2019-12-19,81
2019-12-20,78
2019-12-21,69
2019-12-22,68
2019-12-23,75
2019-12-24,73
2019-12-25,76
2019-12-26,75
2019-12-27,74
2019-12-28,71
2019-12-29,68
2019-12-30,76
2019-12-31,73
2020-01-01,82
2020-01-02,94
2020-01-03,89
2020-01-04,82
2020-01-05,81
2020-01-06,96
2020-01-07,98
2020-01-08,96
2020-01-09,99
2020-01-10,95
2020-01-11,81
2020-01-12,82
2020-01-13,93
2020-01-14,96
2020-01-15,99
2020-01-16,97
2020-01-17,96
2020-01-18,81
2020-01-19,79
2020-01-20,93
2020-01-21,98
2020-01-22,99
2020-01-23,100
2020-01-24,96
2020-01-25,83
2020-01-26,78
2020-01-27,93
2020-01-28,99
2020-01-29,99
2020-01-30,100
2020-01-31,99
2020-02-01,81
2020-02-02,79
2020-02-03,94
2020-02-04,97
2020-02-05,100
2020-02-06,99
2020-02-07,97
2020-02-08,82
2020-02-09,80
2020-02-10,97
2020-02-11,98
2020-02-12,95
2020-02-13,97
2020-02-14,96
2020-02-15,81
2020-02-16,82
2020-02-17,91
2020-02-18,99
2020-02-19,96
2020-02-20,97
2020-02-21,96
2020-02-22,80
2020-02-23,79
2020-02-24,95
2020-02-25,95
2020-02-26,99
2020-02-27,96
2020-02-28,95
2020-02-29,81
2020-03-01,70
2020-03-02,87
2020-03-03,89
2020-03-04,92
2020-03-05,89
2020-03-06,88
2020-03-07,75
2020-03-08,76
2020-03-09,91
2020-03-10,91
2020-03-11,85
2020-03-12,86
2020-03-13,87
2020-03-14,77
2020-03-15,76
2020-03-16,88
2020-03-17,93
2020-03-18,95
2020-03-19,94
2020-03-20,94
2020-03-21,83
2020-03-22,81
2020-03-23,93
2020-03-24,100
2020-03-25,95
2020-03-26,96
2020-03-27,97
2020-03-28,82
2020-03-29,81
2020-03-30,98
2020-03-31,95
2020-04-01,92
2020-04-02,92
2020-04-03,94
2020-04-04,79
2020-04-05,80
2020-04-06,92
2020-04-07,91
2020-04-08,90
2020-04-09,88
2020-04-10,81
2020-04-11,77
2020-04-12,76
2020-04-13,87
2020-04-14,91
2020-04-15,94
2020-04-16,90
2020-04-17,88
2020-04-18,78
2020-04-19,77
2020-04-20,90
2020-04-21,94
2020-04-22,95
2020-04-23,92
2020-04-24,88
2020-04-25,74
2020-04-26,72
2020-04-27,96
2020-04-28,100
2020-04-29,96
2020-04-30,93
2020-05-01,91
2020-05-02,80
2020-05-03,76
2020-05-04,99
2020-05-05,96
2020-05-06,97
2020-05-07,100
2020-05-08,100
2020-05-09,78
2020-05-10,75
2020-05-11,92
2020-05-12,91
2020-05-13,92
2020-05-14,88
2020-05-15,87
2020-05-16,77
2020-05-17,75
2020-05-18,87
2020-05-19,87
2020-05-20,90
2020-05-21,89
2020-05-22,84
2020-05-23,75
2020-05-24,75
2020-05-25,84
2020-05-26,90
2020-05-27,86
2020-05-28,87
2020-05-29,86
2020-05-30,73
2020-05-31,75
2020-06-01,92
2020-06-02,100
2020-06-03,93
2020-06-04,95
2020-06-05,92
2020-06-06,82
2020-06-07,79
2020-06-08,95
2020-06-09,94
2020-06-10,94
2020-06-11,94
2020-06-12,93
2020-06-13,80
2020-06-14,81
2020-06-15,94
2020-06-16,94
2020-06-17,96
2020-06-18,93
2020-06-19,91
2020-06-20,83
2020-06-21,81
2020-06-22,93
2020-06-23,95
2020-06-24,93
2020-06-25,91
2020-06-26,88
2020-06-27,80
2020-06-28,78
2020-06-29,91
2020-06-30,97
2020-07-01,100
2020-07-02,99
2020-07-03,93
2020-07-04,85
2020-07-05,85
2020-07-06,97
2020-07-07,100
2020-07-08,99
2020-07-09,96
2020-07-10,98
2020-07-11,83
2020-07-12,83
2020-07-13,98
2020-07-14,96
2020-07-15,98
2020-07-16,95
2020-07-17,95
2020-07-18,84
2020-07-19,85
2020-07-20,98
2020-07-21,96
2020-07-22,100
2020-07-23,96
2020-07-24,93
2020-07-25,84
2020-07-26,83
2020-07-27,95
2020-07-28,94
2020-07-29,97
2020-07-30,93
2020-07-31,90
2020-08-01,76
2020-08-02,76
2020-08-03,86
2020-08-04,92
2020-08-05,90
2020-08-06,90
2020-08-07,87
2020-08-08,79
2020-08-09,78
2020-08-10,93
2020-08-11,91
2020-08-12,88
2020-08-13,92
2020-08-14,87
2020-08-15,77
2020-08-16,76
2020-08-17,93
2020-08-18,96
2020-08-19,94
2020-08-20,97
2020-08-21,94
2020-08-22,78
2020-08-23,77
2020-08-24,98
2020-08-25,100
2020-08-26,96
2020-08-27,99
2020-08-28,97
2020-08-29,77
2020-08-30,76
2020-08-31,98
2020-09-01,56
2020-09-02,58
2020-09-03,57
2020-09-04,55
2020-09-05,45
2020-09-06,43
2020-09-07,52
2020-09-08,58
2020-09-09,58
2020-09-10,58
2020-09-11,53
2020-09-12,42
2020-09-13,43
2020-09-14,55
2020-09-15,58
2020-09-16,55
2020-09-17,57
2020-09-18,55
2020-09-19,43
2020-09-20,42
2020-09-21,56
2020-09-22,57
2020-09-23,56
2020-09-24,56
2020-09-25,52
2020-09-26,47
2020-09-27,100
2020-09-28,59
2020-09-29,53
2020-09-30,54
2020-10-01,99
2020-10-02,96
2020-10-03,78
2020-10-04,79
2020-10-05,95
2020-10-06,99
2020-10-07,100
2020-10-08,97
2020-10-09,87
2020-10-10,79
2020-10-11,77
2020-10-12,89
2020-10-13,95
2020-10-14,96
2020-10-15,94
2020-10-16,89
2020-10-17,75
2020-10-18,75
2020-10-19,89
2020-10-20,91
2020-10-21,91
2020-10-22,91
2020-10-23,86
2020-10-24,73
2020-10-25,75
2020-10-26,87
2020-10-27,88
2020-10-28,88
2020-10-29,86
2020-10-30,90
2020-10-31,77
2020-11-01,83
2020-11-02,94
2020-11-03,100
2020-11-04,81
2020-11-05,87
2020-11-06,89
2020-11-07,80
2020-11-08,78
2020-11-09,94
2020-11-10,96
2020-11-11,96
2020-11-12,99
2020-11-13,93
2020-11-14,83
2020-11-15,82
2020-11-16,97
2020-11-17,97
2020-11-18,97
2020-11-19,99
2020-11-20,98
2020-11-21,85
2020-11-22,83
2020-11-23,98
2020-11-24,95
2020-11-25,93
2020-11-26,95
2020-11-27,91
2020-11-28,83
2020-11-29,82
2020-11-30,93
2020-12-01,78
2020-12-02,76
2020-12-03,75
2020-12-04,72
2020-12-05,66
2020-12-06,63
2020-12-07,77
2020-12-08,71
2020-12-09,76
2020-12-10,77
2020-12-11,75
2020-12-12,65
2020-12-13,64
2020-12-14,100
2020-12-15,78
2020-12-16,76
2020-12-17,74
2020-12-18,74
2020-12-19,67
2020-12-20,63
2020-12-21,75
2020-12-22,72
2020-12-23,70
2020-12-24,66
2020-12-25,67
2020-12-26,65
2020-12-27,63
2020-12-28,66
2020-12-29,71
2020-12-30,67
2020-12-31,64
2021-01-01,80
2021-01-02,82
2021-01-03,80
2021-01-04,94
2021-01-05,93
2021-01-06,92
2021-01-07,94
2021-01-08,93
2021-01-09,85
2021-01-10,83
2021-01-11,96
2021-01-12,100
2021-01-13,94
2021-01-14,96
2021-01-15,96
2021-01-16,83
2021-01-17,76
2021-01-18,91
2021-01-19,97
2021-01-20,92
2021-01-21,94
2021-01-22,95
2021-01-23,83
2021-01-24,83
2021-01-25,96
2021-01-26,94
2021-01-27,96
2021-01-28,98
2021-01-29,93
2021-01-30,84
2021-01-31,80
2021-02-01,99
2021-02-02,99
2021-02-03,97
2021-02-04,100
2021-02-05,94
2021-02-06,84
2021-02-07,80
2021-02-08,94
2021-02-09,98
2021-02-10,95
2021-02-11,97
2021-02-12,93
2021-02-13,82
2021-02-14,81
2021-02-15,90
2021-02-16,92
2021-02-17,93
2021-02-18,94
2021-02-19,94
2021-02-20,82
2021-02-21,84
2021-02-22,97
2021-02-23,99
2021-02-24,94
2021-02-25,96
2021-02-26,98
2021-02-27,84
2021-02-28,83
2021-03-01,88
2021-03-02,89
2021-03-03,88
2021-03-04,87
2021-03-05,88
2021-03-06,75
2021-03-07,77
2021-03-08,93
2021-03-09,85
2021-03-10,87
2021-03-11,90
2021-03-12,86
2021-03-13,74
2021-03-14,75
2021-03-15,95
2021-03-16,85
2021-03-17,90
2021-03-18,90
2021-03-19,87
2021-03-20,77
2021-03-21,77
2021-03-22,89
2021-03-23,100
2021-03-24,92
2021-03-25,88
2021-03-26,86
2021-03-27,76
2021-03-28,74
2021-03-29,84
2021-03-30,86
2021-03-31,86
2021-04-01,97
2021-04-02,89
2021-04-03,83
2021-04-04,80
2021-04-05,91
2021-04-06,94
2021-04-07,96
2021-04-08,100
2021-04-09,91
2021-04-10,80
2021-04-11,82
2021-04-12,96
2021-04-13,93
2021-04-14,93
2021-04-15,94
2021-04-16,90
2021-04-17,82
2021-04-18,83
2021-04-19,96
2021-04-20,97
2021-04-21,95
2021-04-22,99
2021-04-23,91
2021-04-24,81
2021-04-25,81
2021-04-26,97
2021-04-27,94
2021-04-28,96
2021-04-29,93
2021-04-30,91
2021-05-01,81
2021-05-02,81
2021-05-03,95
2021-05-04,95
2021-05-05,96
2021-05-06,95
2021-05-07,89
2021-05-08,80
2021-05-09,79
2021-05-10,98
2021-05-11,95
2021-05-12,96
2021-05-13,94
2021-05-14,94
2021-05-15,82
2021-05-16,82
2021-05-17,98
2021-05-18,97
2021-05-19,99
2021-05-20,100
2021-05-21,95
2021-05-22,84
2021-05-23,80
2021-05-24,95
2021-05-25,97
2021-05-26,96
2021-05-27,99
2021-05-28,97
2021-05-29,83
2021-05-30,85
2021-05-31,96
