date,Microsoft
2012-01-01,65
2012-01-02,62
2012-01-03,100
2012-01-04,72
2012-01-05,77
2012-01-06,87
2012-01-07,48
2012-01-08,68
2012-01-09,82
2012-01-10,76
2012-01-11,78
2012-01-12,88
2012-01-13,65
2012-01-14,63
2012-01-15,66
2012-01-16,89
2012-01-17,69
2012-01-18,74
2012-01-19,83
2012-01-20,65
2012-01-21,51
2012-01-22,66
2012-01-23,78
2012-01-24,80
2012-01-25,81
2012-01-26,77
2012-01-27,70
2012-01-28,60
2012-01-29,57
2012-01-30,72
2012-01-31,71
2012-02-01,74
2012-02-02,63
2012-02-03,62
2012-02-04,63
2012-02-05,65
2012-02-06,79
2012-02-07,77
2012-02-08,100
2012-02-09,75
2012-02-10,59
2012-02-11,59
2012-02-12,57
2012-02-13,66
2012-02-14,69
2012-02-15,72
2012-02-16,90
2012-02-17,90
2012-02-18,62
2012-02-19,56
2012-02-20,76
2012-02-21,61
2012-02-22,81
2012-02-23,81
2012-02-24,74
2012-02-25,54
2012-02-26,53
2012-02-27,65
2012-02-28,87
2012-02-29,87
2012-03-01,93
2012-03-02,77
2012-03-03,68
2012-03-04,62
2012-03-05,88
2012-03-06,87
2012-03-07,87
2012-03-08,93
2012-03-09,88
2012-03-10,82
2012-03-11,60
2012-03-12,89
2012-03-13,83
2012-03-14,90
2012-03-15,82
2012-03-16,87
2012-03-17,63
2012-03-18,71
2012-03-19,97
2012-03-20,88
2012-03-21,100
2012-03-22,91
2012-03-23,79
2012-03-24,77
2012-03-25,69
2012-03-26,80
2012-03-27,90
2012-03-28,82
2012-03-29,85
2012-03-30,74
2012-03-31,55
2012-04-01,67
2012-04-02,74
2012-04-03,72
2012-04-04,81
2012-04-05,79
2012-04-06,63
2012-04-07,65
2012-04-08,52
2012-04-09,84
2012-04-10,91
2012-04-11,83
2012-04-12,68
2012-04-13,83
2012-04-14,60
2012-04-15,50
2012-04-16,70
2012-04-17,80
2012-04-18,82
2012-04-19,77
2012-04-20,91
2012-04-21,56
2012-04-22,40
2012-04-23,87
2012-04-24,82
2012-04-25,100
2012-04-26,77
2012-04-27,80
2012-04-28,57
2012-04-29,67
2012-04-30,70
2012-05-01,79
2012-05-02,93
2012-05-03,93
2012-05-04,95
2012-05-05,61
2012-05-06,55
2012-05-07,74
2012-05-08,86
2012-05-09,90
2012-05-10,80
2012-05-11,85
2012-05-12,70
2012-05-13,57
2012-05-14,91
2012-05-15,100
2012-05-16,83
2012-05-17,95
2012-05-18,71
2012-05-19,64
2012-05-20,57
2012-05-21,88
2012-05-22,70
2012-05-23,80
2012-05-24,73
2012-05-25,68
2012-05-26,56
2012-05-27,59
2012-05-28,65
2012-05-29,95
2012-05-30,81
2012-05-31,79
2012-06-01,69
2012-06-02,58
2012-06-03,57
2012-06-04,82
2012-06-05,61
2012-06-06,73
2012-06-07,83
2012-06-08,74
2012-06-09,44
2012-06-10,52
2012-06-11,59
2012-06-12,76
2012-06-13,71
2012-06-14,65
2012-06-15,81
2012-06-16,51
2012-06-17,54
2012-06-18,77
2012-06-19,100
2012-06-20,86
2012-06-21,98
2012-06-22,79
2012-06-23,50
2012-06-24,65
2012-06-25,66
2012-06-26,92
2012-06-27,78
2012-06-28,74
2012-06-29,71
2012-06-30,57
2012-07-01,72
2012-07-02,91
2012-07-03,77
2012-07-04,66
2012-07-05,64
2012-07-06,89
2012-07-07,57
2012-07-08,62
2012-07-09,100
2012-07-10,81
2012-07-11,94
2012-07-12,82
2012-07-13,85
2012-07-14,57
2012-07-15,64
2012-07-16,74
2012-07-17,87
2012-07-18,69
2012-07-19,96
2012-07-20,73
2012-07-21,54
2012-07-22,52
2012-07-23,79
2012-07-24,76
2012-07-25,68
2012-07-26,92
2012-07-27,78
2012-07-28,67
2012-07-29,58
2012-07-30,87
2012-07-31,94
2012-08-01,95
2012-08-02,88
2012-08-03,85
2012-08-04,50
2012-08-05,52
2012-08-06,84
2012-08-07,86
2012-08-08,87
2012-08-09,73
2012-08-10,73
2012-08-11,42
2012-08-12,52
2012-08-13,86
2012-08-14,95
2012-08-15,74
2012-08-16,83
2012-08-17,73
2012-08-18,50
2012-08-19,57
2012-08-20,88
2012-08-21,86
2012-08-22,82
2012-08-23,100
2012-08-24,100
2012-08-25,70
2012-08-26,59
2012-08-27,78
2012-08-28,97
2012-08-29,84
2012-08-30,68
2012-08-31,77
2012-09-01,56
2012-09-02,55
2012-09-03,67
2012-09-04,88
2012-09-05,100
2012-09-06,71
2012-09-07,73
2012-09-08,47
2012-09-09,56
2012-09-10,81
2012-09-11,92
2012-09-12,94
2012-09-13,83
2012-09-14,72
2012-09-15,42
2012-09-16,56
2012-09-17,73
2012-09-18,92
2012-09-19,87
2012-09-20,95
2012-09-21,71
2012-09-22,64
2012-09-23,60
2012-09-24,83
2012-09-25,77
2012-09-26,73
2012-09-27,77
2012-09-28,70
2012-09-29,58
2012-09-30,58
2012-10-01,71
2012-10-02,73
2012-10-03,74
2012-10-04,72
2012-10-05,85
2012-10-06,59
2012-10-07,45
2012-10-08,84
2012-10-09,71
2012-10-10,80
2012-10-11,80
2012-10-12,71
2012-10-13,53
2012-10-14,63
2012-10-15,67
2012-10-16,70
2012-10-17,88
2012-10-18,71
2012-10-19,78
2012-10-20,77
2012-10-21,68
2012-10-22,70
2012-10-23,79
2012-10-24,88
2012-10-25,93
2012-10-26,93
2012-10-27,70
2012-10-28,74
2012-10-29,90
2012-10-30,100
2012-10-31,90
2012-11-01,80
2012-11-02,81
2012-11-03,61
2012-11-04,71
2012-11-05,100
2012-11-06,90
2012-11-07,83
2012-11-08,86
2012-11-09,76
2012-11-10,69
2012-11-11,60
2012-11-12,85
2012-11-13,88
2012-11-14,84
2012-11-15,78
2012-11-16,83
2012-11-17,57
2012-11-18,61
2012-11-19,82
2012-11-20,80
2012-11-21,87
2012-11-22,84
2012-11-23,71
2012-11-24,66
2012-11-25,62
2012-11-26,81
2012-11-27,78
2012-11-28,83
2012-11-29,90
2012-11-30,75
2012-12-01,81
2012-12-02,66
2012-12-03,97
2012-12-04,100
2012-12-05,96
2012-12-06,85
2012-12-07,91
2012-12-08,67
2012-12-09,72
2012-12-10,82
2012-12-11,82
2012-12-12,98
2012-12-13,87
2012-12-14,92
2012-12-15,74
2012-12-16,66
2012-12-17,100
2012-12-18,94
2012-12-19,91
2012-12-20,81
2012-12-21,78
2012-12-22,75
2012-12-23,60
2012-12-24,70
2012-12-25,99
2012-12-26,96
2012-12-27,86
2012-12-28,77
2012-12-29,76
2012-12-30,62
2012-12-31,60
2013-01-01,63
2013-01-02,84
2013-01-03,84
2013-01-04,81
2013-01-05,67
2013-01-06,63
2013-01-07,91
2013-01-08,90
2013-01-09,97
2013-01-10,85
2013-01-11,79
2013-01-12,72
2013-01-13,60
2013-01-14,92
2013-01-15,100
2013-01-16,100
2013-01-17,88
2013-01-18,90
2013-01-19,71
2013-01-20,59
2013-01-21,75
2013-01-22,87
2013-01-23,91
2013-01-24,86
2013-01-25,87
2013-01-26,63
2013-01-27,68
2013-01-28,92
2013-01-29,98
2013-01-30,91
2013-01-31,98
2013-02-01,85
2013-02-02,61
2013-02-03,66
2013-02-04,80
2013-02-05,79
2013-02-06,67
2013-02-07,85
2013-02-08,83
2013-02-09,59
2013-02-10,48
2013-02-11,77
2013-02-12,76
2013-02-13,75
2013-02-14,72
2013-02-15,79
2013-02-16,58
2013-02-17,69
2013-02-18,81
2013-02-19,83
2013-02-20,100
2013-02-21,96
2013-02-22,75
2013-02-23,53
2013-02-24,67
2013-02-25,79
2013-02-26,99
2013-02-27,83
2013-02-28,80
2013-03-01,80
2013-03-02,78
2013-03-03,81
2013-03-04,77
2013-03-05,89
2013-03-06,87
2013-03-07,87
2013-03-08,96
2013-03-09,57
2013-03-10,68
2013-03-11,79
2013-03-12,84
2013-03-13,88
2013-03-14,94
2013-03-15,89
2013-03-16,71
2013-03-17,63
2013-03-18,91
2013-03-19,97
2013-03-20,81
2013-03-21,100
2013-03-22,88
2013-03-23,63
2013-03-24,71
2013-03-25,84
2013-03-26,95
2013-03-27,98
2013-03-28,85
2013-03-29,65
2013-03-30,64
2013-03-31,60
2013-04-01,75
2013-04-02,85
2013-04-03,92
2013-04-04,90
2013-04-05,86
2013-04-06,63
2013-04-07,65
2013-04-08,100
2013-04-09,88
2013-04-10,96
2013-04-11,94
2013-04-12,82
2013-04-13,65
2013-04-14,65
2013-04-15,81
2013-04-16,69
2013-04-17,83
2013-04-18,77
2013-04-19,92
2013-04-20,57
2013-04-21,53
2013-04-22,91
2013-04-23,94
2013-04-24,86
2013-04-25,88
2013-04-26,70
2013-04-27,59
2013-04-28,51
2013-04-29,75
2013-04-30,79
2013-05-01,68
2013-05-02,83
2013-05-03,82
2013-05-04,49
2013-05-05,51
2013-05-06,83
2013-05-07,100
2013-05-08,83
2013-05-09,68
2013-05-10,76
2013-05-11,58
2013-05-12,57
2013-05-13,85
2013-05-14,75
2013-05-15,75
2013-05-16,96
2013-05-17,74
2013-05-18,69
2013-05-19,56
2013-05-20,93
2013-05-21,99
2013-05-22,80
2013-05-23,82
2013-05-24,65
2013-05-25,61
2013-05-26,61
2013-05-27,71
2013-05-28,94
2013-05-29,83
2013-05-30,81
2013-05-31,77
2013-06-01,44
2013-06-02,44
2013-06-03,74
2013-06-04,60
2013-06-05,87
2013-06-06,78
2013-06-07,79
2013-06-08,64
2013-06-09,60
2013-06-10,78
2013-06-11,76
2013-06-12,81
2013-06-13,68
2013-06-14,88
2013-06-15,50
2013-06-16,54
2013-06-17,80
2013-06-18,96
2013-06-19,73
2013-06-20,75
2013-06-21,80
2013-06-22,52
2013-06-23,70
2013-06-24,92
2013-06-25,100
2013-06-26,91
2013-06-27,72
2013-06-28,72
2013-06-29,50
2013-06-30,69
2013-07-01,82
2013-07-02,72
2013-07-03,89
2013-07-04,72
2013-07-05,78
2013-07-06,57
2013-07-07,57
2013-07-08,89
2013-07-09,88
2013-07-10,95
2013-07-11,100
2013-07-12,80
2013-07-13,65
2013-07-14,62
2013-07-15,88
2013-07-16,94
2013-07-17,87
2013-07-18,83
2013-07-19,91
2013-07-20,63
2013-07-21,71
2013-07-22,81
2013-07-23,78
2013-07-24,94
2013-07-25,89
2013-07-26,86
2013-07-27,61
2013-07-28,60
2013-07-29,88
2013-07-30,96
2013-07-31,74
2013-08-01,87
2013-08-02,88
2013-08-03,53
2013-08-04,53
2013-08-05,81
2013-08-06,72
2013-08-07,82
2013-08-08,81
2013-08-09,74
2013-08-10,48
2013-08-11,69
2013-08-12,73
2013-08-13,86
2013-08-14,100
2013-08-15,79
2013-08-16,69
2013-08-17,66
2013-08-18,52
2013-08-19,94
2013-08-20,99
2013-08-21,79
2013-08-22,79
2013-08-23,81
2013-08-24,67
2013-08-25,67
2013-08-26,81
2013-08-27,85
2013-08-28,99
2013-08-29,91
2013-08-30,76
2013-08-31,75
2013-09-01,19
2013-09-02,27
2013-09-03,100
2013-09-04,51
2013-09-05,41
2013-09-06,31
2013-09-07,28
2013-09-08,29
2013-09-09,29
2013-09-10,32
2013-09-11,33
2013-09-12,33
2013-09-13,31
2013-09-14,20
2013-09-15,25
2013-09-16,32
2013-09-17,32
2013-09-18,31
2013-09-19,37
2013-09-20,27
2013-09-21,24
2013-09-22,24
2013-09-23,33
2013-09-24,31
2013-09-25,28
2013-09-26,32
2013-09-27,26
2013-09-28,21
2013-09-29,27
2013-09-30,35
2013-10-01,89
2013-10-02,80
2013-10-03,83
2013-10-04,82
2013-10-05,71
2013-10-06,68
2013-10-07,86
2013-10-08,84
2013-10-09,87
2013-10-10,90
2013-10-11,84
2013-10-12,56
2013-10-13,66
2013-10-14,68
2013-10-15,83
2013-10-16,81
2013-10-17,97
2013-10-18,96
2013-10-19,61
2013-10-20,59
2013-10-21,95
2013-10-22,93
2013-10-23,83
2013-10-24,75
2013-10-25,91
2013-10-26,63
2013-10-27,58
2013-10-28,84
2013-10-29,86
2013-10-30,100
2013-10-31,94
2013-11-01,77
2013-11-02,65
2013-11-03,54
2013-11-04,85
2013-11-05,74
2013-11-06,95
2013-11-07,85
2013-11-08,75
2013-11-09,71
2013-11-10,69
2013-11-11,70
2013-11-12,77
2013-11-13,76
2013-11-14,79
2013-11-15,77
2013-11-16,71
2013-11-17,68
2013-11-18,92
2013-11-19,84
2013-11-20,97
2013-11-21,100
2013-11-22,69
2013-11-23,67
2013-11-24,59
2013-11-25,87
2013-11-26,87
2013-11-27,85
2013-11-28,75
2013-11-29,77
2013-11-30,69
2013-12-01,66
2013-12-02,100
2013-12-03,96
2013-12-04,81
2013-12-05,69
2013-12-06,86
2013-12-07,73
2013-12-08,53
2013-12-09,94
2013-12-10,76
2013-12-11,93
2013-12-12,89
2013-12-13,74
2013-12-14,62
2013-12-15,63
2013-12-16,71
2013-12-17,84
2013-12-18,87
2013-12-19,81
2013-12-20,76
2013-12-21,65
2013-12-22,63
2013-12-23,66
2013-12-24,62
2013-12-25,88
2013-12-26,81
2013-12-27,69
2013-12-28,74
2013-12-29,66
2013-12-30,73
2013-12-31,88
2014-01-01,61
2014-01-02,89
2014-01-03,84
2014-01-04,56
2014-01-05,66
2014-01-06,83
2014-01-07,94
2014-01-08,100
2014-01-09,78
2014-01-10,92
2014-01-11,67
2014-01-12,69
2014-01-13,90
2014-01-14,88
2014-01-15,96
2014-01-16,94
2014-01-17,87
2014-01-18,63
2014-01-19,65
2014-01-20,87
2014-01-21,100
2014-01-22,84
2014-01-23,89
2014-01-24,83
2014-01-25,67
2014-01-26,71
2014-01-27,93
2014-01-28,86
2014-01-29,97
2014-01-30,79
2014-01-31,88
2014-02-01,63
2014-02-02,55
2014-02-03,91
2014-02-04,99
2014-02-05,100
2014-02-06,95
2014-02-07,81
2014-02-08,63
2014-02-09,49
2014-02-10,67
2014-02-11,81
2014-02-12,93
2014-02-13,83
2014-02-14,63
2014-02-15,61
2014-02-16,54
2014-02-17,75
2014-02-18,92
2014-02-19,86
2014-02-20,77
2014-02-21,77
2014-02-22,67
2014-02-23,65
2014-02-24,80
2014-02-25,85
2014-02-26,91
2014-02-27,83
2014-02-28,83
2014-03-01,71
2014-03-02,55
2014-03-03,78
2014-03-04,65
2014-03-05,81
2014-03-06,79
2014-03-07,78
2014-03-08,56
2014-03-09,56
2014-03-10,74
2014-03-11,86
2014-03-12,79
2014-03-13,74
2014-03-14,75
2014-03-15,58
2014-03-16,58
2014-03-17,78
2014-03-18,83
2014-03-19,78
2014-03-20,77
2014-03-21,70
2014-03-22,59
2014-03-23,71
2014-03-24,79
2014-03-25,70
2014-03-26,75
2014-03-27,77
2014-03-28,100
2014-03-29,70
2014-03-30,59
2014-03-31,75
2014-04-01,85
2014-04-02,90
2014-04-03,92
2014-04-04,90
2014-04-05,58
2014-04-06,61
2014-04-07,94
2014-04-08,92
2014-04-09,81
2014-04-10,87
2014-04-11,84
2014-04-12,64
2014-04-13,59
2014-04-14,75
2014-04-15,75
2014-04-16,80
2014-04-17,80
2014-04-18,70
2014-04-19,70
2014-04-20,50
2014-04-21,79
2014-04-22,96
2014-04-23,87
2014-04-24,82
2014-04-25,81
2014-04-26,67
2014-04-27,60
2014-04-28,100
2014-04-29,90
2014-04-30,78
2014-05-01,81
2014-05-02,83
2014-05-03,63
2014-05-04,59
2014-05-05,94
2014-05-06,81
2014-05-07,94
2014-05-08,84
2014-05-09,78
2014-05-10,60
2014-05-11,55
2014-05-12,72
2014-05-13,78
2014-05-14,88
2014-05-15,76
2014-05-16,81
2014-05-17,67
2014-05-18,46
2014-05-19,83
2014-05-20,92
2014-05-21,83
2014-05-22,98
2014-05-23,76
2014-05-24,66
2014-05-25,61
2014-05-26,69
2014-05-27,76
2014-05-28,79
2014-05-29,93
2014-05-30,100
2014-05-31,54
2014-06-01,54
2014-06-02,99
2014-06-03,95
2014-06-04,100
2014-06-05,83
2014-06-06,96
2014-06-07,60
2014-06-08,63
2014-06-09,91
2014-06-10,94
2014-06-11,93
2014-06-12,87
2014-06-13,72
2014-06-14,53
2014-06-15,59
2014-06-16,83
2014-06-17,75
2014-06-18,87
2014-06-19,92
2014-06-20,85
2014-06-21,60
2014-06-22,62
2014-06-23,75
2014-06-24,93
2014-06-25,88
2014-06-26,76
2014-06-27,87
2014-06-28,57
2014-06-29,63
2014-06-30,82
2014-07-01,77
2014-07-02,98
2014-07-03,85
2014-07-04,81
2014-07-05,59
2014-07-06,51
2014-07-07,84
2014-07-08,83
2014-07-09,76
2014-07-10,98
2014-07-11,91
2014-07-12,58
2014-07-13,60
2014-07-14,79
2014-07-15,99
2014-07-16,94
2014-07-17,80
2014-07-18,77
2014-07-19,67
2014-07-20,59
2014-07-21,98
2014-07-22,83
2014-07-23,98
2014-07-24,90
2014-07-25,77
2014-07-26,62
2014-07-27,61
2014-07-28,89
2014-07-29,79
2014-07-30,95
2014-07-31,100
2014-08-01,81
2014-08-02,66
2014-08-03,66
2014-08-04,88
2014-08-05,93
2014-08-06,90
2014-08-07,100
2014-08-08,84
2014-08-09,66
2014-08-10,73
2014-08-11,77
2014-08-12,89
2014-08-13,89
2014-08-14,97
2014-08-15,99
2014-08-16,68
2014-08-17,67
2014-08-18,94
2014-08-19,100
2014-08-20,98
2014-08-21,80
2014-08-22,99
2014-08-23,70
2014-08-24,65
2014-08-25,90
2014-08-26,81
2014-08-27,93
2014-08-28,90
2014-08-29,91
2014-08-30,64
2014-08-31,73
2014-09-01,73
2014-09-02,99
2014-09-03,87
2014-09-04,97
2014-09-05,82
2014-09-06,63
2014-09-07,69
2014-09-08,92
2014-09-09,92
2014-09-10,99
2014-09-11,82
2014-09-12,94
2014-09-13,76
2014-09-14,59
2014-09-15,96
2014-09-16,91
2014-09-17,100
2014-09-18,89
2014-09-19,87
2014-09-20,58
2014-09-21,60
2014-09-22,79
2014-09-23,96
2014-09-24,96
2014-09-25,88
2014-09-26,81
2014-09-27,68
2014-09-28,72
2014-09-29,85
2014-09-30,77
2014-10-01,87
2014-10-02,74
2014-10-03,85
2014-10-04,63
2014-10-05,59
2014-10-06,84
2014-10-07,82
2014-10-08,88
2014-10-09,75
2014-10-10,86
2014-10-11,55
2014-10-12,62
2014-10-13,90
2014-10-14,79
2014-10-15,96
2014-10-16,98
2014-10-17,82
2014-10-18,69
2014-10-19,57
2014-10-20,96
2014-10-21,93
2014-10-22,100
2014-10-23,93
2014-10-24,82
2014-10-25,56
2014-10-26,61
2014-10-27,80
2014-10-28,92
2014-10-29,84
2014-10-30,88
2014-10-31,85
2014-11-01,73
2014-11-02,69
2014-11-03,83
2014-11-04,84
2014-11-05,75
2014-11-06,92
2014-11-07,89
2014-11-08,69
2014-11-09,67
2014-11-10,84
2014-11-11,84
2014-11-12,100
2014-11-13,77
2014-11-14,86
2014-11-15,66
2014-11-16,67
2014-11-17,85
2014-11-18,91
2014-11-19,82
2014-11-20,75
2014-11-21,74
2014-11-22,62
2014-11-23,62
2014-11-24,82
2014-11-25,87
2014-11-26,78
2014-11-27,88
2014-11-28,87
2014-11-29,63
2014-11-30,60
2014-12-01,92
2014-12-02,93
2014-12-03,93
2014-12-04,92
2014-12-05,98
2014-12-06,77
2014-12-07,63
2014-12-08,86
2014-12-09,90
2014-12-10,97
2014-12-11,96
2014-12-12,81
2014-12-13,73
2014-12-14,75
2014-12-15,84
2014-12-16,100
2014-12-17,89
2014-12-18,79
2014-12-19,88
2014-12-20,82
2014-12-21,80
2014-12-22,86
2014-12-23,84
2014-12-24,77
2014-12-25,95
2014-12-26,99
2014-12-27,83
2014-12-28,74
2014-12-29,85
2014-12-30,85
2014-12-31,79
2015-01-01,58
2015-01-02,81
2015-01-03,75
2015-01-04,68
2015-01-05,92
2015-01-06,95
2015-01-07,94
2015-01-08,84
2015-01-09,82
2015-01-10,69
2015-01-11,68
2015-01-12,70
2015-01-13,98
2015-01-14,91
2015-01-15,86
2015-01-16,75
2015-01-17,63
2015-01-18,61
2015-01-19,73
2015-01-20,87
2015-01-21,89
2015-01-22,93
2015-01-23,88
2015-01-24,69
2015-01-25,75
2015-01-26,82
2015-01-27,92
2015-01-28,80
2015-01-29,100
2015-01-30,91
2015-01-31,69
2015-02-01,67
2015-02-02,93
2015-02-03,99
2015-02-04,90
2015-02-05,81
2015-02-06,75
2015-02-07,65
2015-02-08,75
2015-02-09,81
2015-02-10,79
2015-02-11,82
2015-02-12,87
2015-02-13,75
2015-02-14,61
2015-02-15,72
2015-02-16,82
2015-02-17,93
2015-02-18,92
2015-02-19,86
2015-02-20,85
2015-02-21,68
2015-02-22,69
2015-02-23,88
2015-02-24,84
2015-02-25,87
2015-02-26,96
2015-02-27,100
2015-02-28,87
2015-03-01,72
2015-03-02,91
2015-03-03,84
2015-03-04,93
2015-03-05,100
2015-03-06,90
2015-03-07,71
2015-03-08,75
2015-03-09,98
2015-03-10,85
2015-03-11,94
2015-03-12,91
2015-03-13,89
2015-03-14,72
2015-03-15,62
2015-03-16,94
2015-03-17,91
2015-03-18,94
2015-03-19,83
2015-03-20,80
2015-03-21,75
2015-03-22,73
2015-03-23,87
2015-03-24,100
2015-03-25,89
2015-03-26,96
2015-03-27,86
2015-03-28,72
2015-03-29,73
2015-03-30,91
2015-03-31,84
2015-04-01,94
2015-04-02,80
2015-04-03,88
2015-04-04,69
2015-04-05,63
2015-04-06,68
2015-04-07,90
2015-04-08,100
2015-04-09,85
2015-04-10,89
2015-04-11,70
2015-04-12,76
2015-04-13,95
2015-04-14,92
2015-04-15,92
2015-04-16,82
2015-04-17,91
2015-04-18,76
2015-04-19,68
2015-04-20,91
2015-04-21,90
2015-04-22,95
2015-04-23,95
2015-04-24,81
2015-04-25,74
2015-04-26,86
2015-04-27,86
2015-04-28,95
2015-04-29,93
2015-04-30,91
2015-05-01,87
2015-05-02,93
2015-05-03,70
2015-05-04,97
2015-05-05,100
2015-05-06,100
2015-05-07,97
2015-05-08,91
2015-05-09,84
2015-05-10,76
2015-05-11,83
2015-05-12,97
2015-05-13,94
2015-05-14,98
2015-05-15,94
2015-05-16,78
2015-05-17,75
2015-05-18,86
2015-05-19,89
2015-05-20,95
2015-05-21,90
2015-05-22,93
2015-05-23,84
2015-05-24,67
2015-05-25,85
2015-05-26,89
2015-05-27,100
2015-05-28,85
2015-05-29,93
2015-05-30,77
2015-05-31,74
2015-06-01,86
2015-06-02,81
2015-06-03,94
2015-06-04,83
2015-06-05,94
2015-06-06,78
2015-06-07,73
2015-06-08,90
2015-06-09,89
2015-06-10,94
2015-06-11,85
2015-06-12,96
2015-06-13,85
2015-06-14,66
2015-06-15,96
2015-06-16,100
2015-06-17,89
2015-06-18,94
2015-06-19,93
2015-06-20,78
2015-06-21,70
2015-06-22,88
2015-06-23,96
2015-06-24,89
2015-06-25,98
2015-06-26,87
2015-06-27,78
2015-06-28,66
2015-06-29,88
2015-06-30,94
2015-07-01,97
2015-07-02,82
2015-07-03,80
2015-07-04,66
2015-07-05,63
2015-07-06,80
2015-07-07,79
2015-07-08,84
2015-07-09,81
2015-07-10,89
2015-07-11,71
2015-07-12,59
2015-07-13,85
2015-07-14,83
2015-07-15,89
2015-07-16,85
2015-07-17,85
2015-07-18,75
2015-07-19,69
2015-07-20,92
2015-07-21,86
2015-07-22,90
2015-07-23,89
2015-07-24,81
2015-07-25,73
2015-07-26,72
2015-07-27,89
2015-07-28,84
2015-07-29,100
2015-07-30,99
2015-07-31,97
2015-08-01,68
2015-08-02,60
2015-08-03,87
2015-08-04,87
2015-08-05,84
2015-08-06,85
2015-08-07,91
2015-08-08,71
2015-08-09,64
2015-08-10,94
2015-08-11,95
2015-08-12,85
2015-08-13,100
2015-08-14,84
2015-08-15,67
2015-08-16,57
2015-08-17,85
2015-08-18,88
2015-08-19,83
2015-08-20,87
2015-08-21,76
2015-08-22,57
2015-08-23,59
2015-08-24,80
2015-08-25,81
2015-08-26,82
2015-08-27,80
2015-08-28,88
2015-08-29,70
2015-08-30,63
2015-08-31,81
2015-09-01,100
2015-09-02,85
2015-09-03,96
2015-09-04,94
2015-09-05,69
2015-09-06,72
2015-09-07,79
2015-09-08,82
2015-09-09,91
2015-09-10,87
2015-09-11,80
2015-09-12,73
2015-09-13,68
2015-09-14,88
2015-09-15,77
2015-09-16,85
2015-09-17,80
2015-09-18,83
2015-09-19,61
2015-09-20,71
2015-09-21,96
2015-09-22,83
2015-09-23,84
2015-09-24,79
2015-09-25,82
2015-09-26,61
2015-09-27,67
2015-09-28,83
2015-09-29,89
2015-09-30,79
2015-10-01,73
2015-10-02,81
2015-10-03,68
2015-10-04,68
2015-10-05,78
2015-10-06,100
2015-10-07,96
2015-10-08,83
2015-10-09,85
2015-10-10,71
2015-10-11,67
2015-10-12,87
2015-10-13,74
2015-10-14,75
2015-10-15,80
2015-10-16,74
2015-10-17,53
2015-10-18,59
2015-10-19,83
2015-10-20,82
2015-10-21,83
2015-10-22,72
2015-10-23,73
2015-10-24,60
2015-10-25,67
2015-10-26,75
2015-10-27,73
2015-10-28,85
2015-10-29,85
2015-10-30,70
2015-10-31,62
2015-11-01,62
2015-11-02,94
2015-11-03,90
2015-11-04,94
2015-11-05,88
2015-11-06,98
2015-11-07,75
2015-11-08,78
2015-11-09,86
2015-11-10,83
2015-11-11,81
2015-11-12,96
2015-11-13,80
2015-11-14,68
2015-11-15,72
2015-11-16,85
2015-11-17,86
2015-11-18,80
2015-11-19,100
2015-11-20,85
2015-11-21,67
2015-11-22,71
2015-11-23,87
2015-11-24,84
2015-11-25,84
2015-11-26,91
2015-11-27,94
2015-11-28,71
2015-11-29,69
2015-11-30,90
2015-12-01,98
2015-12-02,81
2015-12-03,93
2015-12-04,77
2015-12-05,69
2015-12-06,74
2015-12-07,85
2015-12-08,96
2015-12-09,96
2015-12-10,100
2015-12-11,89
2015-12-12,74
2015-12-13,59
2015-12-14,87
2015-12-15,87
2015-12-16,96
2015-12-17,89
2015-12-18,84
2015-12-19,80
2015-12-20,66
2015-12-21,92
2015-12-22,80
2015-12-23,82
2015-12-24,72
2015-12-25,88
2015-12-26,85
2015-12-27,79
2015-12-28,82
2015-12-29,92
2015-12-30,82
2015-12-31,68
2016-01-01,56
2016-01-02,69
2016-01-03,72
2016-01-04,100
2016-01-05,86
2016-01-06,86
2016-01-07,89
2016-01-08,82
2016-01-09,62
2016-01-10,61
2016-01-11,84
2016-01-12,90
2016-01-13,90
2016-01-14,78
2016-01-15,64
2016-01-16,55
2016-01-17,70
2016-01-18,84
2016-01-19,93
2016-01-20,80
2016-01-21,77
2016-01-22,90
2016-01-23,63
2016-01-24,58
2016-01-25,83
2016-01-26,85
2016-01-27,87
2016-01-28,92
2016-01-29,81
2016-01-30,76
2016-01-31,53
2016-02-01,92
2016-02-02,88
2016-02-03,90
2016-02-04,79
2016-02-05,87
2016-02-06,77
2016-02-07,70
2016-02-08,87
2016-02-09,88
2016-02-10,89
2016-02-11,87
2016-02-12,73
2016-02-13,73
2016-02-14,53
2016-02-15,88
2016-02-16,95
2016-02-17,94
2016-02-18,93
2016-02-19,93
2016-02-20,72
2016-02-21,73
2016-02-22,100
2016-02-23,83
2016-02-24,84
2016-02-25,86
2016-02-26,77
2016-02-27,68
2016-02-28,70
2016-02-29,83
2016-03-01,80
2016-03-02,86
2016-03-03,72
2016-03-04,71
2016-03-05,70
2016-03-06,67
2016-03-07,69
2016-03-08,83
2016-03-09,83
2016-03-10,64
2016-03-11,84
2016-03-12,68
2016-03-13,63
2016-03-14,81
2016-03-15,67
2016-03-16,84
2016-03-17,86
2016-03-18,72
2016-03-19,59
2016-03-20,58
2016-03-21,75
2016-03-22,75
2016-03-23,80
2016-03-24,70
2016-03-25,84
2016-03-26,60
2016-03-27,55
2016-03-28,70
2016-03-29,90
2016-03-30,100
2016-03-31,76
2016-04-01,81
2016-04-02,53
2016-04-03,74
2016-04-04,90
2016-04-05,89
2016-04-06,96
2016-04-07,88
2016-04-08,91
2016-04-09,60
2016-04-10,73
2016-04-11,92
2016-04-12,95
2016-04-13,92
2016-04-14,100
2016-04-15,89
2016-04-16,72
2016-04-17,73
2016-04-18,91
2016-04-19,94
2016-04-20,91
2016-04-21,78
2016-04-22,84
2016-04-23,67
2016-04-24,68
2016-04-25,91
2016-04-26,91
2016-04-27,77
2016-04-28,79
2016-04-29,66
2016-04-30,64
2016-05-01,58
2016-05-02,81
2016-05-03,73
2016-05-04,100
2016-05-05,90
2016-05-06,79
2016-05-07,63
2016-05-08,70
2016-05-09,86
2016-05-10,90
2016-05-11,89
2016-05-12,83
2016-05-13,92
2016-05-14,73
2016-05-15,65
2016-05-16,83
2016-05-17,86
2016-05-18,88
2016-05-19,89
2016-05-20,80
2016-05-21,76
2016-05-22,60
2016-05-23,91
2016-05-24,87
2016-05-25,93
2016-05-26,94
2016-05-27,80
2016-05-28,61
2016-05-29,58
2016-05-30,66
2016-05-31,93
2016-06-01,100
2016-06-02,84
2016-06-03,90
2016-06-04,71
2016-06-05,63
2016-06-06,79
2016-06-07,93
2016-06-08,94
2016-06-09,79
2016-06-10,88
2016-06-11,64
2016-06-12,62
2016-06-13,90
2016-06-14,95
2016-06-15,90
2016-06-16,94
2016-06-17,82
2016-06-18,56
2016-06-19,61
2016-06-20,94
2016-06-21,73
2016-06-22,92
2016-06-23,81
2016-06-24,75
2016-06-25,69
2016-06-26,58
2016-06-27,95
2016-06-28,84
2016-06-29,88
2016-06-30,88
2016-07-01,84
2016-07-02,61
2016-07-03,70
2016-07-04,79
2016-07-05,79
2016-07-06,80
2016-07-07,92
2016-07-08,93
2016-07-09,61
2016-07-10,59
2016-07-11,87
2016-07-12,80
2016-07-13,89
2016-07-14,78
2016-07-15,76
2016-07-16,67
2016-07-17,68
2016-07-18,92
2016-07-19,100
2016-07-20,90
2016-07-21,86
2016-07-22,97
2016-07-23,68
2016-07-24,61
2016-07-25,93
2016-07-26,95
2016-07-27,98
2016-07-28,93
2016-07-29,89
2016-07-30,64
2016-07-31,68
2016-08-01,84
2016-08-02,94
2016-08-03,86
2016-08-04,94
2016-08-05,68
2016-08-06,63
2016-08-07,61
2016-08-08,89
2016-08-09,92
2016-08-10,83
2016-08-11,82
2016-08-12,74
2016-08-13,68
2016-08-14,61
2016-08-15,87
2016-08-16,84
2016-08-17,81
2016-08-18,83
2016-08-19,85
2016-08-20,67
2016-08-21,74
2016-08-22,81
2016-08-23,83
2016-08-24,100
2016-08-25,89
2016-08-26,85
2016-08-27,67
2016-08-28,62
2016-08-29,88
2016-08-30,94
2016-08-31,92
2016-09-01,85
2016-09-02,75
2016-09-03,55
2016-09-04,68
2016-09-05,72
2016-09-06,92
2016-09-07,91
2016-09-08,93
2016-09-09,88
2016-09-10,59
2016-09-11,57
2016-09-12,86
2016-09-13,88
2016-09-14,100
2016-09-15,90
2016-09-16,81
2016-09-17,62
2016-09-18,79
2016-09-19,92
2016-09-20,90
2016-09-21,92
2016-09-22,85
2016-09-23,92
2016-09-24,65
2016-09-25,66
2016-09-26,86
2016-09-27,94
2016-09-28,92
2016-09-29,91
2016-09-30,81
2016-10-01,60
2016-10-02,58
2016-10-03,81
2016-10-04,90
2016-10-05,96
2016-10-06,98
2016-10-07,86
2016-10-08,65
2016-10-09,71
2016-10-10,79
2016-10-11,92
2016-10-12,89
2016-10-13,92
2016-10-14,94
2016-10-15,66
2016-10-16,59
2016-10-17,84
2016-10-18,96
2016-10-19,100
2016-10-20,89
2016-10-21,81
2016-10-22,73
2016-10-23,60
2016-10-24,89
2016-10-25,90
2016-10-26,97
2016-10-27,96
2016-10-28,87
2016-10-29,72
2016-10-30,59
2016-10-31,79
2016-11-01,73
2016-11-02,95
2016-11-03,86
2016-11-04,72
2016-11-05,61
2016-11-06,57
2016-11-07,81
2016-11-08,82
2016-11-09,70
2016-11-10,89
2016-11-11,74
2016-11-12,66
2016-11-13,63
2016-11-14,75
2016-11-15,96
2016-11-16,77
2016-11-17,96
2016-11-18,91
2016-11-19,59
2016-11-20,62
2016-11-21,77
2016-11-22,95
2016-11-23,66
2016-11-24,73
2016-11-25,76
2016-11-26,66
2016-11-27,67
2016-11-28,79
2016-11-29,100
2016-11-30,89
2016-12-01,99
2016-12-02,88
2016-12-03,63
2016-12-04,73
2016-12-05,90
2016-12-06,77
2016-12-07,88
2016-12-08,92
2016-12-09,85
2016-12-10,66
2016-12-11,64
2016-12-12,75
2016-12-13,87
2016-12-14,100
2016-12-15,86
2016-12-16,76
2016-12-17,71
2016-12-18,59
2016-12-19,86
2016-12-20,93
2016-12-21,73
2016-12-22,89
2016-12-23,71
2016-12-24,54
2016-12-25,74
2016-12-26,75
2016-12-27,79
2016-12-28,77
2016-12-29,78
2016-12-30,73
2016-12-31,57
2017-01-01,58
2017-01-02,75
2017-01-03,93
2017-01-04,96
2017-01-05,88
2017-01-06,83
2017-01-07,77
2017-01-08,77
2017-01-09,75
2017-01-10,98
2017-01-11,83
2017-01-12,96
2017-01-13,79
2017-01-14,68
2017-01-15,54
2017-01-16,92
2017-01-17,100
2017-01-18,87
2017-01-19,93
2017-01-20,83
2017-01-21,72
2017-01-22,68
2017-01-23,98
2017-01-24,89
2017-01-25,99
2017-01-26,81
2017-01-27,68
2017-01-28,58
2017-01-29,62
2017-01-30,75
2017-01-31,88
2017-02-01,85
2017-02-02,92
2017-02-03,86
2017-02-04,64
2017-02-05,70
2017-02-06,83
2017-02-07,90
2017-02-08,100
2017-02-09,81
2017-02-10,92
2017-02-11,68
2017-02-12,70
2017-02-13,85
2017-02-14,91
2017-02-15,83
2017-02-16,84
2017-02-17,76
2017-02-18,54
2017-02-19,59
2017-02-20,82
2017-02-21,96
2017-02-22,89
2017-02-23,75
2017-02-24,89
2017-02-25,72
2017-02-26,66
2017-02-27,92
2017-02-28,97
2017-03-01,76
2017-03-02,75
2017-03-03,69
2017-03-04,44
2017-03-05,50
2017-03-06,90
2017-03-07,100
2017-03-08,78
2017-03-09,89
2017-03-10,77
2017-03-11,52
2017-03-12,49
2017-03-13,75
2017-03-14,88
2017-03-15,81
2017-03-16,81
2017-03-17,79
2017-03-18,59
2017-03-19,58
2017-03-20,90
2017-03-21,92
2017-03-22,81
2017-03-23,83
2017-03-24,65
2017-03-25,53
2017-03-26,57
2017-03-27,83
2017-03-28,73
2017-03-29,79
2017-03-30,90
2017-03-31,81
2017-04-01,62
2017-04-02,66
2017-04-03,91
2017-04-04,97
2017-04-05,92
2017-04-06,90
2017-04-07,85
2017-04-08,58
2017-04-09,59
2017-04-10,92
2017-04-11,87
2017-04-12,88
2017-04-13,88
2017-04-14,63
2017-04-15,60
2017-04-16,59
2017-04-17,75
2017-04-18,88
2017-04-19,89
2017-04-20,86
2017-04-21,95
2017-04-22,55
2017-04-23,56
2017-04-24,80
2017-04-25,100
2017-04-26,82
2017-04-27,74
2017-04-28,86
2017-04-29,58
2017-04-30,62
2017-05-01,73
2017-05-02,86
2017-05-03,93
2017-05-04,100
2017-05-05,76
2017-05-06,60
2017-05-07,54
2017-05-08,83
2017-05-09,73
2017-05-10,90
2017-05-11,85
2017-05-12,82
2017-05-13,61
2017-05-14,49
2017-05-15,82
2017-05-16,90
2017-05-17,86
2017-05-18,71
2017-05-19,73
2017-05-20,65
2017-05-21,50
2017-05-22,81
2017-05-23,70
2017-05-24,79
2017-05-25,65
2017-05-26,59
2017-05-27,62
2017-05-28,44
2017-05-29,68
2017-05-30,74
2017-05-31,77
2017-06-01,96
2017-06-02,75
2017-06-03,65
2017-06-04,60
2017-06-05,92
2017-06-06,86
2017-06-07,91
2017-06-08,84
2017-06-09,82
2017-06-10,56
2017-06-11,69
2017-06-12,95
2017-06-13,90
2017-06-14,87
2017-06-15,81
2017-06-16,83
2017-06-17,61
2017-06-18,58
2017-06-19,92
2017-06-20,99
2017-06-21,92
2017-06-22,81
2017-06-23,80
2017-06-24,58
2017-06-25,61
2017-06-26,100
2017-06-27,81
2017-06-28,91
2017-06-29,80
2017-06-30,97
2017-07-01,59
2017-07-02,57
2017-07-03,79
2017-07-04,83
2017-07-05,83
2017-07-06,87
2017-07-07,81
2017-07-08,62
2017-07-09,58
2017-07-10,85
2017-07-11,89
2017-07-12,91
2017-07-13,85
2017-07-14,74
2017-07-15,49
2017-07-16,61
2017-07-17,72
2017-07-18,89
2017-07-19,78
2017-07-20,86
2017-07-21,71
2017-07-22,55
2017-07-23,48
2017-07-24,100
2017-07-25,93
2017-07-26,92
2017-07-27,79
2017-07-28,78
2017-07-29,58
2017-07-30,53
2017-07-31,81
2017-08-01,88
2017-08-02,86
2017-08-03,81
2017-08-04,89
2017-08-05,55
2017-08-06,56
2017-08-07,77
2017-08-08,92
2017-08-09,76
2017-08-10,86
2017-08-11,82
2017-08-12,67
2017-08-13,54
2017-08-14,78
2017-08-15,88
2017-08-16,91
2017-08-17,88
2017-08-18,84
2017-08-19,44
2017-08-20,62
2017-08-21,84
2017-08-22,100
2017-08-23,90
2017-08-24,76
2017-08-25,81
2017-08-26,59
2017-08-27,47
2017-08-28,89
2017-08-29,93
2017-08-30,93
2017-08-31,100
2017-09-01,78
2017-09-02,55
2017-09-03,51
2017-09-04,74
2017-09-05,84
2017-09-06,94
2017-09-07,83
2017-09-08,73
2017-09-09,45
2017-09-10,58
2017-09-11,89
2017-09-12,81
2017-09-13,87
2017-09-14,81
2017-09-15,77
2017-09-16,55
2017-09-17,51
2017-09-18,100
2017-09-19,80
2017-09-20,93
2017-09-21,90
2017-09-22,80
2017-09-23,68
2017-09-24,56
2017-09-25,81
2017-09-26,87
2017-09-27,93
2017-09-28,90
2017-09-29,75
2017-09-30,45
2017-10-01,55
2017-10-02,96
2017-10-03,100
2017-10-04,95
2017-10-05,97
2017-10-06,92
2017-10-07,58
2017-10-08,62
2017-10-09,95
2017-10-10,96
2017-10-11,99
2017-10-12,84
2017-10-13,72
2017-10-14,48
2017-10-15,59
2017-10-16,84
2017-10-17,90
2017-10-18,85
2017-10-19,94
2017-10-20,83
2017-10-21,53
2017-10-22,54
2017-10-23,80
2017-10-24,96
2017-10-25,95
2017-10-26,84
2017-10-27,86
2017-10-28,64
2017-10-29,53
2017-10-30,94
2017-10-31,90
2017-11-01,78
2017-11-02,89
2017-11-03,79
2017-11-04,53
2017-11-05,54
2017-11-06,95
2017-11-07,78
2017-11-08,98
2017-11-09,79
2017-11-10,84
2017-11-11,64
2017-11-12,55
2017-11-13,98
2017-11-14,86
2017-11-15,81
2017-11-16,100
2017-11-17,94
2017-11-18,59
2017-11-19,64
2017-11-20,89
2017-11-21,89
2017-11-22,83
2017-11-23,64
2017-11-24,71
2017-11-25,59
2017-11-26,62
2017-11-27,89
2017-11-28,86
2017-11-29,87
2017-11-30,85
2017-12-01,98
2017-12-02,61
2017-12-03,71
2017-12-04,98
2017-12-05,93
2017-12-06,91
2017-12-07,89
2017-12-08,85
2017-12-09,63
2017-12-10,62
2017-12-11,81
2017-12-12,86
2017-12-13,100
2017-12-14,89
2017-12-15,92
2017-12-16,64
2017-12-17,55
2017-12-18,86
2017-12-19,83
2017-12-20,99
2017-12-21,98
2017-12-22,83
2017-12-23,57
2017-12-24,62
2017-12-25,85
2017-12-26,88
2017-12-27,82
2017-12-28,84
2017-12-29,87
2017-12-30,58
2017-12-31,48
2018-01-01,44
2018-01-02,81
2018-01-03,89
2018-01-04,100
2018-01-05,76
2018-01-06,50
2018-01-07,55
2018-01-08,87
2018-01-09,97
2018-01-10,81
2018-01-11,95
2018-01-12,73
2018-01-13,54
2018-01-14,56
2018-01-15,77
2018-01-16,91
2018-01-17,75
2018-01-18,86
2018-01-19,80
2018-01-20,55
2018-01-21,59
2018-01-22,86
2018-01-23,77
2018-01-24,81
2018-01-25,89
2018-01-26,71
2018-01-27,56
2018-01-28,57
2018-01-29,83
2018-01-30,94
2018-01-31,84
2018-02-01,87
2018-02-02,78
2018-02-03,65
2018-02-04,63
2018-02-05,82
2018-02-06,84
2018-02-07,84
2018-02-08,76
2018-02-09,85
2018-02-10,60
2018-02-11,63
2018-02-12,86
2018-02-13,74
2018-02-14,92
2018-02-15,100
2018-02-16,83
2018-02-17,69
2018-02-18,53
2018-02-19,75
2018-02-20,94
2018-02-21,91
2018-02-22,88
2018-02-23,80
2018-02-24,61
2018-02-25,66
2018-02-26,97
2018-02-27,99
2018-02-28,67
2018-03-01,77
2018-03-02,76
2018-03-03,56
2018-03-04,62
2018-03-05,89
2018-03-06,100
2018-03-07,77
2018-03-08,82
2018-03-09,78
2018-03-10,62
2018-03-11,46
2018-03-12,85
2018-03-13,99
2018-03-14,89
2018-03-15,78
2018-03-16,87
2018-03-17,56
2018-03-18,58
2018-03-19,83
2018-03-20,85
2018-03-21,89
2018-03-22,92
2018-03-23,73
2018-03-24,52
2018-03-25,61
2018-03-26,78
2018-03-27,80
2018-03-28,70
2018-03-29,79
2018-03-30,50
2018-03-31,48
2018-04-01,40
2018-04-02,86
2018-04-03,83
2018-04-04,75
2018-04-05,89
2018-04-06,83
2018-04-07,65
2018-04-08,49
2018-04-09,91
2018-04-10,82
2018-04-11,92
2018-04-12,80
2018-04-13,73
2018-04-14,55
2018-04-15,52
2018-04-16,100
2018-04-17,95
2018-04-18,85
2018-04-19,82
2018-04-20,94
2018-04-21,57
2018-04-22,51
2018-04-23,89
2018-04-24,91
2018-04-25,79
2018-04-26,87
2018-04-27,82
2018-04-28,50
2018-04-29,56
2018-04-30,78
2018-05-01,87
2018-05-02,84
2018-05-03,84
2018-05-04,86
2018-05-05,48
2018-05-06,47
2018-05-07,83
2018-05-08,84
2018-05-09,88
2018-05-10,89
2018-05-11,72
2018-05-12,51
2018-05-13,54
2018-05-14,94
2018-05-15,75
2018-05-16,76
2018-05-17,85
2018-05-18,72
2018-05-19,48
2018-05-20,53
2018-05-21,73
2018-05-22,97
2018-05-23,84
2018-05-24,87
2018-05-25,100
2018-05-26,57
2018-05-27,46
2018-05-28,67
2018-05-29,85
2018-05-30,78
2018-05-31,74
2018-06-01,87
2018-06-02,53
2018-06-03,63
2018-06-04,100
2018-06-05,92
2018-06-06,79
2018-06-07,82
2018-06-08,90
2018-06-09,41
2018-06-10,49
2018-06-11,88
2018-06-12,88
2018-06-13,87
2018-06-14,86
2018-06-15,66
2018-06-16,44
2018-06-17,53
2018-06-18,84
2018-06-19,88
2018-06-20,95
2018-06-21,82
2018-06-22,72
2018-06-23,55
2018-06-24,45
2018-06-25,79
2018-06-26,83
2018-06-27,76
2018-06-28,95
2018-06-29,98
2018-06-30,55
2018-07-01,51
2018-07-02,82
2018-07-03,95
2018-07-04,77
2018-07-05,84
2018-07-06,68
2018-07-07,62
2018-07-08,52
2018-07-09,89
2018-07-10,89
2018-07-11,91
2018-07-12,83
2018-07-13,82
2018-07-14,50
2018-07-15,49
2018-07-16,94
2018-07-17,91
2018-07-18,86
2018-07-19,94
2018-07-20,84
2018-07-21,54
2018-07-22,56
2018-07-23,93
2018-07-24,97
2018-07-25,86
2018-07-26,90
2018-07-27,68
2018-07-28,61
2018-07-29,46
2018-07-30,100
2018-07-31,98
2018-08-01,94
2018-08-02,81
2018-08-03,83
2018-08-04,45
2018-08-05,49
2018-08-06,96
2018-08-07,83
2018-08-08,79
2018-08-09,77
2018-08-10,89
2018-08-11,58
2018-08-12,52
2018-08-13,82
2018-08-14,91
2018-08-15,90
2018-08-16,81
2018-08-17,74
2018-08-18,55
2018-08-19,49
2018-08-20,98
2018-08-21,91
2018-08-22,80
2018-08-23,79
2018-08-24,86
2018-08-25,46
2018-08-26,52
2018-08-27,100
2018-08-28,87
2018-08-29,99
2018-08-30,89
2018-08-31,79
2018-09-01,52
2018-09-02,40
2018-09-03,66
2018-09-04,92
2018-09-05,100
2018-09-06,94
2018-09-07,79
2018-09-08,50
2018-09-09,53
2018-09-10,82
2018-09-11,79
2018-09-12,84
2018-09-13,71
2018-09-14,79
2018-09-15,49
2018-09-16,45
2018-09-17,70
2018-09-18,66
2018-09-19,71
2018-09-20,75
2018-09-21,59
2018-09-22,45
2018-09-23,43
2018-09-24,75
2018-09-25,76
2018-09-26,90
2018-09-27,79
2018-09-28,74
2018-09-29,43
2018-09-30,45
2018-10-01,92
2018-10-02,80
2018-10-03,100
2018-10-04,98
2018-10-05,76
2018-10-06,60
2018-10-07,48
2018-10-08,82
2018-10-09,89
2018-10-10,90
2018-10-11,82
2018-10-12,83
2018-10-13,50
2018-10-14,53
2018-10-15,80
2018-10-16,96
2018-10-17,84
2018-10-18,73
2018-10-19,79
2018-10-20,50
2018-10-21,59
2018-10-22,78
2018-10-23,84
2018-10-24,88
2018-10-25,71
2018-10-26,73
2018-10-27,45
2018-10-28,43
2018-10-29,86
2018-10-30,80
2018-10-31,74
2018-11-01,87
2018-11-02,81
2018-11-03,42
2018-11-04,53
2018-11-05,86
2018-11-06,93
2018-11-07,91
2018-11-08,90
2018-11-09,81
2018-11-10,54
2018-11-11,54
2018-11-12,84
2018-11-13,100
2018-11-14,80
2018-11-15,84
2018-11-16,80
2018-11-17,66
2018-11-18,43
2018-11-19,89
2018-11-20,91
2018-11-21,97
2018-11-22,84
2018-11-23,72
2018-11-24,62
2018-11-25,65
2018-11-26,95
2018-11-27,92
2018-11-28,90
2018-11-29,92
2018-11-30,81
2018-12-01,63
2018-12-02,58
2018-12-03,84
2018-12-04,98
2018-12-05,100
2018-12-06,100
2018-12-07,78
2018-12-08,45
2018-12-09,62
2018-12-10,80
2018-12-11,84
2018-12-12,73
2018-12-13,87
2018-12-14,81
2018-12-15,58
2018-12-16,46
2018-12-17,79
2018-12-18,82
2018-12-19,99
2018-12-20,87
2018-12-21,76
2018-12-22,54
2018-12-23,52
2018-12-24,56
2018-12-25,66
2018-12-26,72
2018-12-27,82
2018-12-28,69
2018-12-29,60
2018-12-30,46
2018-12-31,61
2019-01-01,52
2019-01-02,85
2019-01-03,78
2019-01-04,78
2019-01-05,41
2019-01-06,37
2019-01-07,87
2019-01-08,90
2019-01-09,86
2019-01-10,84
2019-01-11,85
2019-01-12,55
2019-01-13,49
2019-01-14,78
2019-01-15,92
2019-01-16,81
2019-01-17,82
2019-01-18,79
2019-01-19,36
2019-01-20,48
2019-01-21,73
2019-01-22,95
2019-01-23,76
2019-01-24,100
2019-01-25,89
2019-01-26,43
2019-01-27,45
2019-01-28,95
2019-01-29,88
2019-01-30,84
2019-01-31,82
2019-02-01,88
2019-02-02,48
2019-02-03,53
2019-02-04,85
2019-02-05,79
2019-02-06,94
2019-02-07,88
2019-02-08,82
2019-02-09,58
2019-02-10,46
2019-02-11,95
2019-02-12,98
2019-02-13,87
2019-02-14,84
2019-02-15,78
2019-02-16,72
2019-02-17,53
2019-02-18,78
2019-02-19,87
2019-02-20,91
2019-02-21,85
2019-02-22,79
2019-02-23,49
2019-02-24,58
2019-02-25,100
2019-02-26,88
2019-02-27,89
2019-02-28,86
2019-03-01,78
2019-03-02,53
2019-03-03,48
2019-03-04,84
2019-03-05,81
2019-03-06,82
2019-03-07,74
2019-03-08,78
2019-03-09,51
2019-03-10,48
2019-03-11,79
2019-03-12,100
2019-03-13,85
2019-03-14,77
2019-03-15,79
2019-03-16,42
2019-03-17,49
2019-03-18,78
2019-03-19,89
2019-03-20,77
2019-03-21,64
2019-03-22,78
2019-03-23,42
2019-03-24,51
2019-03-25,77
2019-03-26,85
2019-03-27,72
2019-03-28,82
2019-03-29,72
2019-03-30,48
2019-03-31,46
2019-04-01,83
2019-04-02,97
2019-04-03,100
2019-04-04,93
2019-04-05,88
2019-04-06,59
2019-04-07,61
2019-04-08,88
2019-04-09,89
2019-04-10,88
2019-04-11,92
2019-04-12,91
2019-04-13,50
2019-04-14,52
2019-04-15,90
2019-04-16,88
2019-04-17,94
2019-04-18,83
2019-04-19,71
2019-04-20,46
2019-04-21,39
2019-04-22,67
2019-04-23,76
2019-04-24,95
2019-04-25,95
2019-04-26,91
2019-04-27,54
2019-04-28,57
2019-04-29,74
2019-04-30,89
2019-05-01,84
2019-05-02,86
2019-05-03,85
2019-05-04,61
2019-05-05,31
2019-05-06,74
2019-05-07,81
2019-05-08,74
2019-05-09,83
2019-05-10,87
2019-05-11,47
2019-05-12,49
2019-05-13,88
2019-05-14,89
2019-05-15,86
2019-05-16,74
2019-05-17,75
2019-05-18,47
2019-05-19,54
2019-05-20,83
2019-05-21,100
2019-05-22,93
2019-05-23,87
2019-05-24,70
2019-05-25,46
2019-05-26,34
2019-05-27,54
2019-05-28,86
2019-05-29,80
2019-05-30,78
2019-05-31,69
2019-06-01,53
2019-06-02,46
2019-06-03,72
2019-06-04,77
2019-06-05,68
2019-06-06,88
2019-06-07,75
2019-06-08,42
2019-06-09,51
2019-06-10,84
2019-06-11,90
2019-06-12,89
2019-06-13,81
2019-06-14,74
2019-06-15,49
2019-06-16,52
2019-06-17,87
2019-06-18,83
2019-06-19,94
2019-06-20,89
2019-06-21,81
2019-06-22,51
2019-06-23,48
2019-06-24,83
2019-06-25,100
2019-06-26,82
2019-06-27,76
2019-06-28,87
2019-06-29,49
2019-06-30,42
2019-07-01,70
2019-07-02,83
2019-07-03,77
2019-07-04,77
2019-07-05,68
2019-07-06,46
2019-07-07,45
2019-07-08,99
2019-07-09,72
2019-07-10,97
2019-07-11,85
2019-07-12,82
2019-07-13,50
2019-07-14,47
2019-07-15,89
2019-07-16,77
2019-07-17,100
2019-07-18,85
2019-07-19,79
2019-07-20,43
2019-07-21,42
2019-07-22,79
2019-07-23,69
2019-07-24,76
2019-07-25,81
2019-07-26,80
2019-07-27,42
2019-07-28,48
2019-07-29,84
2019-07-30,99
2019-07-31,98
2019-08-01,72
2019-08-02,84
2019-08-03,40
2019-08-04,44
2019-08-05,70
2019-08-06,77
2019-08-07,88
2019-08-08,79
2019-08-09,81
2019-08-10,38
2019-08-11,50
2019-08-12,90
2019-08-13,95
2019-08-14,82
2019-08-15,75
2019-08-16,79
2019-08-17,53
2019-08-18,67
2019-08-19,83
2019-08-20,100
2019-08-21,94
2019-08-22,82
2019-08-23,81
2019-08-24,51
2019-08-25,50
2019-08-26,88
2019-08-27,77
2019-08-28,88
2019-08-29,96
2019-08-30,86
2019-08-31,50
2019-09-01,54
2019-09-02,78
2019-09-03,97
2019-09-04,99
2019-09-05,100
2019-09-06,79
2019-09-07,54
2019-09-08,51
2019-09-09,91
2019-09-10,83
2019-09-11,93
2019-09-12,94
2019-09-13,89
2019-09-14,53
2019-09-15,61
2019-09-16,93
2019-09-17,100
2019-09-18,95
2019-09-19,94
2019-09-20,77
2019-09-21,47
2019-09-22,45
2019-09-23,93
2019-09-24,80
2019-09-25,85
2019-09-26,87
2019-09-27,85
2019-09-28,53
2019-09-29,55
2019-09-30,93
2019-10-01,91
2019-10-02,91
2019-10-03,100
2019-10-04,78
2019-10-05,53
2019-10-06,49
2019-10-07,81
2019-10-08,84
2019-10-09,88
2019-10-10,82
2019-10-11,75
2019-10-12,47
2019-10-13,45
2019-10-14,78
2019-10-15,81
2019-10-16,78
2019-10-17,79
2019-10-18,66
2019-10-19,33
2019-10-20,42
2019-10-21,63
2019-10-22,74
2019-10-23,80
2019-10-24,69
2019-10-25,76
2019-10-26,46
2019-10-27,47
2019-10-28,82
2019-10-29,73
2019-10-30,69
2019-10-31,67
2019-11-01,71
2019-11-02,33
2019-11-03,51
2019-11-04,77
2019-11-05,92
2019-11-06,89
2019-11-07,90
2019-11-08,77
2019-11-09,51
2019-11-10,45
2019-11-11,72
2019-11-12,77
2019-11-13,88
2019-11-14,100
2019-11-15,74
2019-11-16,55
2019-11-17,44
2019-11-18,83
2019-11-19,87
2019-11-20,99
2019-11-21,94
2019-11-22,74
2019-11-23,57
2019-11-24,43
2019-11-25,80
2019-11-26,94
2019-11-27,78
2019-11-28,71
2019-11-29,57
2019-11-30,54
2019-12-01,53
2019-12-02,87
2019-12-03,91
2019-12-04,71
2019-12-05,85
2019-12-06,79
2019-12-07,48
2019-12-08,53
2019-12-09,77
2019-12-10,96
2019-12-11,100
2019-12-12,83
2019-12-13,69
2019-12-14,53
2019-12-15,45
2019-12-16,85
2019-12-17,91
2019-12-18,89
2019-12-19,83
2019-12-20,75
2019-12-21,41
2019-12-22,38
2019-12-23,60
2019-12-24,55
2019-12-25,52
2019-12-26,60
2019-12-27,59
2019-12-28,48
2019-12-29,50
2019-12-30,55
2019-12-31,59
2020-01-01,50
2020-01-02,78
2020-01-03,68
2020-01-04,48
2020-01-05,49
2020-01-06,94
2020-01-07,78
2020-01-08,81
2020-01-09,82
2020-01-10,71
2020-01-11,55
2020-01-12,62
2020-01-13,64
2020-01-14,84
2020-01-15,90
2020-01-16,99
2020-01-17,82
2020-01-18,64
2020-01-19,51
2020-01-20,85
2020-01-21,100
2020-01-22,87
2020-01-23,94
2020-01-24,83
2020-01-25,59
2020-01-26,44
2020-01-27,78
2020-01-28,86
2020-01-29,80
2020-01-30,93
2020-01-31,72
2020-02-01,55
2020-02-02,54
2020-02-03,100
2020-02-04,94
2020-02-05,92
2020-02-06,74
2020-02-07,89
2020-02-08,46
2020-02-09,54
2020-02-10,89
2020-02-11,99
2020-02-12,99
2020-02-13,94
2020-02-14,84
2020-02-15,47
2020-02-16,54
2020-02-17,83
2020-02-18,98
2020-02-19,85
2020-02-20,87
2020-02-21,83
2020-02-22,54
2020-02-23,50
2020-02-24,87
2020-02-25,89
2020-02-26,92
2020-02-27,93
2020-02-28,91
2020-02-29,56
2020-03-01,26
2020-03-02,44
2020-03-03,44
2020-03-04,50
2020-03-05,49
2020-03-06,43
2020-03-07,22
2020-03-08,22
2020-03-09,47
2020-03-10,48
2020-03-11,48
2020-03-12,51
2020-03-13,60
2020-03-14,37
2020-03-15,42
2020-03-16,79
2020-03-17,89
2020-03-18,100
2020-03-19,84
2020-03-20,90
2020-03-21,47
2020-03-22,54
2020-03-23,95
2020-03-24,89
2020-03-25,89
2020-03-26,86
2020-03-27,78
2020-03-28,46
2020-03-29,51
2020-03-30,83
2020-03-31,84
2020-04-01,98
2020-04-02,93
2020-04-03,93
2020-04-04,47
2020-04-05,52
2020-04-06,84
2020-04-07,94
2020-04-08,88
2020-04-09,85
2020-04-10,66
2020-04-11,48
2020-04-12,45
2020-04-13,79
2020-04-14,84
2020-04-15,97
2020-04-16,89
2020-04-17,94
2020-04-18,55
2020-04-19,49
2020-04-20,82
2020-04-21,100
2020-04-22,92
2020-04-23,82
2020-04-24,72
2020-04-25,46
2020-04-26,43
2020-04-27,87
2020-04-28,85
2020-04-29,77
2020-04-30,82
2020-05-01,81
2020-05-02,63
2020-05-03,58
2020-05-04,90
2020-05-05,96
2020-05-06,94
2020-05-07,88
2020-05-08,92
2020-05-09,55
2020-05-10,64
2020-05-11,98
2020-05-12,96
2020-05-13,100
2020-05-14,93
2020-05-15,86
2020-05-16,54
2020-05-17,46
2020-05-18,85
2020-05-19,89
2020-05-20,93
2020-05-21,84
2020-05-22,81
2020-05-23,51
2020-05-24,47
2020-05-25,72
2020-05-26,85
2020-05-27,82
2020-05-28,92
2020-05-29,83
2020-05-30,48
2020-05-31,45
2020-06-01,87
2020-06-02,92
2020-06-03,95
2020-06-04,91
2020-06-05,85
2020-06-06,47
2020-06-07,51
2020-06-08,93
2020-06-09,90
2020-06-10,100
2020-06-11,90
2020-06-12,90
2020-06-13,54
2020-06-14,54
2020-06-15,90
2020-06-16,87
2020-06-17,96
2020-06-18,82
2020-06-19,81
2020-06-20,57
2020-06-21,43
2020-06-22,96
2020-06-23,90
2020-06-24,87
2020-06-25,82
2020-06-26,83
2020-06-27,50
2020-06-28,48
2020-06-29,87
2020-06-30,92
2020-07-01,78
2020-07-02,72
2020-07-03,56
2020-07-04,53
2020-07-05,49
2020-07-06,78
2020-07-07,76
2020-07-08,83
2020-07-09,74
2020-07-10,79
2020-07-11,49
2020-07-12,48
2020-07-13,77
2020-07-14,78
2020-07-15,100
2020-07-16,79
2020-07-17,72
2020-07-18,41
2020-07-19,39
2020-07-20,81
2020-07-21,85
2020-07-22,76
2020-07-23,74
2020-07-24,64
2020-07-25,45
2020-07-26,37
2020-07-27,76
2020-07-28,75
2020-07-29,82
2020-07-30,72
2020-07-31,67
2020-08-01,38
2020-08-02,40
2020-08-03,83
2020-08-04,93
2020-08-05,87
2020-08-06,79
2020-08-07,84
2020-08-08,52
2020-08-09,42
2020-08-10,83
2020-08-11,82
2020-08-12,82
2020-08-13,91
2020-08-14,77
2020-08-15,52
2020-08-16,57
2020-08-17,92
2020-08-18,92
2020-08-19,93
2020-08-20,95
2020-08-21,78
2020-08-22,46
2020-08-23,55
2020-08-24,100
2020-08-25,96
2020-08-26,98
2020-08-27,98
2020-08-28,84
2020-08-29,56
2020-08-30,62
2020-08-31,97
2020-09-01,70
2020-09-02,70
2020-09-03,68
2020-09-04,60
2020-09-05,39
2020-09-06,42
2020-09-07,56
2020-09-08,71
2020-09-09,73
2020-09-10,67
2020-09-11,57
2020-09-12,43
2020-09-13,44
2020-09-14,72
2020-09-15,62
2020-09-16,68
2020-09-17,67
2020-09-18,69
2020-09-19,34
2020-09-20,40
2020-09-21,70
2020-09-22,68
2020-09-23,68
2020-09-24,63
2020-09-25,63
2020-09-26,35
2020-09-27,35
2020-09-28,100
2020-09-29,76
2020-09-30,71
2020-10-01,97
2020-10-02,75
2020-10-03,50
2020-10-04,52
2020-10-05,93
2020-10-06,89
2020-10-07,93
2020-10-08,88
2020-10-09,75
2020-10-10,51
2020-10-11,47
2020-10-12,71
2020-10-13,100
2020-10-14,84
2020-10-15,82
2020-10-16,85
2020-10-17,41
2020-10-18,42
2020-10-19,89
2020-10-20,86
2020-10-21,86
2020-10-22,83
2020-10-23,71
2020-10-24,47
2020-10-25,39
2020-10-26,70
2020-10-27,80
2020-10-28,74
2020-10-29,83
2020-10-30,78
2020-10-31,42
2020-11-01,46
2020-11-02,82
2020-11-03,78
2020-11-04,67
2020-11-05,73
2020-11-06,69
2020-11-07,44
2020-11-08,49
2020-11-09,89
2020-11-10,100
2020-11-11,80
2020-11-12,89
2020-11-13,78
2020-11-14,45
2020-11-15,55
2020-11-16,82
2020-11-17,92
2020-11-18,75
2020-11-19,93
2020-11-20,88
2020-11-21,44
2020-11-22,51
2020-11-23,84
2020-11-24,92
2020-11-25,76
2020-11-26,72
2020-11-27,73
2020-11-28,43
2020-11-29,46
2020-11-30,76
2020-12-01,91
2020-12-02,94
2020-12-03,86
2020-12-04,90
2020-12-05,56
2020-12-06,63
2020-12-07,93
2020-12-08,100
2020-12-09,95
2020-12-10,98
2020-12-11,81
2020-12-12,51
2020-12-13,55
2020-12-14,98
2020-12-15,79
2020-12-16,77
2020-12-17,82
2020-12-18,82
2020-12-19,46
2020-12-20,52
2020-12-21,85
2020-12-22,71
2020-12-23,70
2020-12-24,52
2020-12-25,48
2020-12-26,43
2020-12-27,42
2020-12-28,66
2020-12-29,67
2020-12-30,65
2020-12-31,65
2021-01-01,37
2021-01-02,36
2021-01-03,46
2021-01-04,91
2021-01-05,91
2021-01-06,77
2021-01-07,83
2021-01-08,75
2021-01-09,44
2021-01-10,59
2021-01-11,100
2021-01-12,94
2021-01-13,87
2021-01-14,85
2021-01-15,78
2021-01-16,51
2021-01-17,48
2021-01-18,87
2021-01-19,93
2021-01-20,88
2021-01-21,90
2021-01-22,89
2021-01-23,54
2021-01-24,52
2021-01-25,79
2021-01-26,96
2021-01-27,93
2021-01-28,94
2021-01-29,86
2021-01-30,58
2021-01-31,51
2021-02-01,100
2021-02-02,89
2021-02-03,97
2021-02-04,86
2021-02-05,85
2021-02-06,45
2021-02-07,54
2021-02-08,93
2021-02-09,96
2021-02-10,91
2021-02-11,87
2021-02-12,74
2021-02-13,47
2021-02-14,46
2021-02-15,90
2021-02-16,88
2021-02-17,80
2021-02-18,80
2021-02-19,73
2021-02-20,53
2021-02-21,55
2021-02-22,82
2021-02-23,91
2021-02-24,79
2021-02-25,98
2021-02-26,82
2021-02-27,56
2021-02-28,56
2021-03-01,76
2021-03-02,77
2021-03-03,89
2021-03-04,96
2021-03-05,84
2021-03-06,57
2021-03-07,45
2021-03-08,82
2021-03-09,87
2021-03-10,93
2021-03-11,80
2021-03-12,86
2021-03-13,46
2021-03-14,45
2021-03-15,88
2021-03-16,100
2021-03-17,91
2021-03-18,82
2021-03-19,81
2021-03-20,49
2021-03-21,49
2021-03-22,79
2021-03-23,95
2021-03-24,84
2021-03-25,78
2021-03-26,85
2021-03-27,58
2021-03-28,48
2021-03-29,78
2021-03-30,86
2021-03-31,79
2021-04-01,97
2021-04-02,67
2021-04-03,59
2021-04-04,51
2021-04-05,67
2021-04-06,75
2021-04-07,86
2021-04-08,97
2021-04-09,73
2021-04-10,47
2021-04-11,45
2021-04-12,96
2021-04-13,93
2021-04-14,84
2021-04-15,80
2021-04-16,77
2021-04-17,49
2021-04-18,45
2021-04-19,89
2021-04-20,100
2021-04-21,95
2021-04-22,99
2021-04-23,85
2021-04-24,46
2021-04-25,45
2021-04-26,80
2021-04-27,88
2021-04-28,88
2021-04-29,86
2021-04-30,78
2021-05-01,47
2021-05-02,46
2021-05-03,76
2021-05-04,76
2021-05-05,82
2021-05-06,80
2021-05-07,71
2021-05-08,47
2021-05-09,43
2021-05-10,84
2021-05-11,100
2021-05-12,94
2021-05-13,81
2021-05-14,72
2021-05-15,43
2021-05-16,46
2021-05-17,86
2021-05-18,80
2021-05-19,84
2021-05-20,92
2021-05-21,83
2021-05-22,41
2021-05-23,42
2021-05-24,90
2021-05-25,88
2021-05-26,77
2021-05-27,74
2021-05-28,79
2021-05-29,40
2021-05-30,39
2021-05-31,65
