date,Tesla
2012-01-01,56
2012-01-02,69
2012-01-03,44
2012-01-04,68
2012-01-05,52
2012-01-06,55
2012-01-07,33
2012-01-08,59
2012-01-09,66
2012-01-10,61
2012-01-11,100
2012-01-12,89
2012-01-13,36
2012-01-14,70
2012-01-15,46
2012-01-16,57
2012-01-17,53
2012-01-18,49
2012-01-19,61
2012-01-20,48
2012-01-21,41
2012-01-22,54
2012-01-23,49
2012-01-24,75
2012-01-25,76
2012-01-26,70
2012-01-27,79
2012-01-28,55
2012-01-29,36
2012-01-30,63
2012-01-31,48
2012-02-01,30
2012-02-02,23
2012-02-03,27
2012-02-04,35
2012-02-05,19
2012-02-06,14
2012-02-07,24
2012-02-08,26
2012-02-09,30
2012-02-10,100
2012-02-11,51
2012-02-12,45
2012-02-13,31
2012-02-14,40
2012-02-15,46
2012-02-16,42
2012-02-17,49
2012-02-18,49
2012-02-19,55
2012-02-20,43
2012-02-21,43
2012-02-22,35
2012-02-23,42
2012-02-24,36
2012-02-25,44
2012-02-26,39
2012-02-27,38
2012-02-28,44
2012-02-29,20
2012-03-01,61
2012-03-02,77
2012-03-03,68
2012-03-04,56
2012-03-05,81
2012-03-06,96
2012-03-07,82
2012-03-08,93
2012-03-09,92
2012-03-10,65
2012-03-11,93
2012-03-12,46
2012-03-13,62
2012-03-14,79
2012-03-15,67
2012-03-16,79
2012-03-17,71
2012-03-18,100
2012-03-19,75
2012-03-20,54
2012-03-21,55
2012-03-22,98
2012-03-23,76
2012-03-24,77
2012-03-25,81
2012-03-26,95
2012-03-27,67
2012-03-28,42
2012-03-29,68
2012-03-30,68
2012-03-31,61
2012-04-01,49
2012-04-02,64
2012-04-03,32
2012-04-04,57
2012-04-05,46
2012-04-06,60
2012-04-07,22
2012-04-08,100
2012-04-09,62
2012-04-10,24
2012-04-11,51
2012-04-12,61
2012-04-13,57
2012-04-14,55
2012-04-15,58
2012-04-16,76
2012-04-17,82
2012-04-18,51
2012-04-19,49
2012-04-20,90
2012-04-21,99
2012-04-22,68
2012-04-23,62
2012-04-24,48
2012-04-25,48
2012-04-26,32
2012-04-27,33
2012-04-28,32
2012-04-29,53
2012-04-30,45
2012-05-01,52
2012-05-02,61
2012-05-03,48
2012-05-04,71
2012-05-05,58
2012-05-06,53
2012-05-07,80
2012-05-08,49
2012-05-09,68
2012-05-10,88
2012-05-11,79
2012-05-12,46
2012-05-13,71
2012-05-14,46
2012-05-15,53
2012-05-16,48
2012-05-17,74
2012-05-18,47
2012-05-19,77
2012-05-20,76
2012-05-21,50
2012-05-22,100
2012-05-23,75
2012-05-24,51
2012-05-25,82
2012-05-26,78
2012-05-27,95
2012-05-28,57
2012-05-29,50
2012-05-30,39
2012-05-31,47
2012-06-01,42
2012-06-02,45
2012-06-03,46
2012-06-04,52
2012-06-05,33
2012-06-06,38
2012-06-07,51
2012-06-08,35
2012-06-09,71
2012-06-10,49
2012-06-11,64
2012-06-12,28
2012-06-13,24
2012-06-14,56
2012-06-15,46
2012-06-16,35
2012-06-17,50
2012-06-18,38
2012-06-19,31
2012-06-20,69
2012-06-21,53
2012-06-22,82
2012-06-23,100
2012-06-24,76
2012-06-25,71
2012-06-26,42
2012-06-27,67
2012-06-28,59
2012-06-29,49
2012-06-30,66
2012-07-01,64
2012-07-02,52
2012-07-03,64
2012-07-04,58
2012-07-05,60
2012-07-06,32
2012-07-07,61
2012-07-08,49
2012-07-09,79
2012-07-10,60
2012-07-11,65
2012-07-12,78
2012-07-13,48
2012-07-14,61
2012-07-15,68
2012-07-16,100
2012-07-17,57
2012-07-18,61
2012-07-19,59
2012-07-20,62
2012-07-21,58
2012-07-22,82
2012-07-23,34
2012-07-24,62
2012-07-25,53
2012-07-26,78
2012-07-27,49
2012-07-28,61
2012-07-29,57
2012-07-30,52
2012-07-31,86
2012-08-01,57
2012-08-02,70
2012-08-03,60
2012-08-04,42
2012-08-05,53
2012-08-06,60
2012-08-07,40
2012-08-08,34
2012-08-09,75
2012-08-10,42
2012-08-11,33
2012-08-12,75
2012-08-13,71
2012-08-14,53
2012-08-15,28
2012-08-16,65
2012-08-17,82
2012-08-18,75
2012-08-19,60
2012-08-20,31
2012-08-21,61
2012-08-22,37
2012-08-23,85
2012-08-24,56
2012-08-25,44
2012-08-26,24
2012-08-27,100
2012-08-28,75
2012-08-29,65
2012-08-30,73
2012-08-31,65
2012-09-01,30
2012-09-02,39
2012-09-03,29
2012-09-04,31
2012-09-05,56
2012-09-06,44
2012-09-07,38
2012-09-08,50
2012-09-09,36
2012-09-10,38
2012-09-11,42
2012-09-12,40
2012-09-13,43
2012-09-14,42
2012-09-15,48
2012-09-16,25
2012-09-17,33
2012-09-18,38
2012-09-19,31
2012-09-20,28
2012-09-21,37
2012-09-22,36
2012-09-23,41
2012-09-24,42
2012-09-25,100
2012-09-26,80
2012-09-27,31
2012-09-28,62
2012-09-29,55
2012-09-30,42
2012-10-01,81
2012-10-02,81
2012-10-03,100
2012-10-04,98
2012-10-05,93
2012-10-06,97
2012-10-07,82
2012-10-08,79
2012-10-09,69
2012-10-10,85
2012-10-11,89
2012-10-12,97
2012-10-13,79
2012-10-14,59
2012-10-15,61
2012-10-16,55
2012-10-17,78
2012-10-18,40
2012-10-19,97
2012-10-20,51
2012-10-21,63
2012-10-22,80
2012-10-23,83
2012-10-24,58
2012-10-25,56
2012-10-26,95
2012-10-27,83
2012-10-28,57
2012-10-29,44
2012-10-30,63
2012-10-31,77
2012-11-01,44
2012-11-02,50
2012-11-03,35
2012-11-04,42
2012-11-05,27
2012-11-06,29
2012-11-07,32
2012-11-08,27
2012-11-09,30
2012-11-10,38
2012-11-11,25
2012-11-12,47
2012-11-13,100
2012-11-14,74
2012-11-15,51
2012-11-16,67
2012-11-17,48
2012-11-18,45
2012-11-19,27
2012-11-20,38
2012-11-21,31
2012-11-22,41
2012-11-23,31
2012-11-24,32
2012-11-25,52
2012-11-26,38
2012-11-27,21
2012-11-28,55
2012-11-29,47
2012-11-30,43
2012-12-01,80
2012-12-02,80
2012-12-03,52
2012-12-04,74
2012-12-05,70
2012-12-06,56
2012-12-07,79
2012-12-08,95
2012-12-09,41
2012-12-10,61
2012-12-11,43
2012-12-12,38
2012-12-13,66
2012-12-14,66
2012-12-15,76
2012-12-16,56
2012-12-17,47
2012-12-18,58
2012-12-19,57
2012-12-20,62
2012-12-21,63
2012-12-22,59
2012-12-23,77
2012-12-24,60
2012-12-25,81
2012-12-26,60
2012-12-27,76
2012-12-28,100
2012-12-29,52
2012-12-30,80
2012-12-31,58
2013-01-01,68
2013-01-02,74
2013-01-03,55
2013-01-04,65
2013-01-05,86
2013-01-06,78
2013-01-07,64
2013-01-08,53
2013-01-09,70
2013-01-10,60
2013-01-11,47
2013-01-12,51
2013-01-13,69
2013-01-14,69
2013-01-15,73
2013-01-16,61
2013-01-17,72
2013-01-18,100
2013-01-19,61
2013-01-20,58
2013-01-21,73
2013-01-22,54
2013-01-23,64
2013-01-24,75
2013-01-25,49
2013-01-26,87
2013-01-27,75
2013-01-28,87
2013-01-29,56
2013-01-30,53
2013-01-31,52
2013-02-01,30
2013-02-02,42
2013-02-03,46
2013-02-04,51
2013-02-05,28
2013-02-06,37
2013-02-07,39
2013-02-08,35
2013-02-09,49
2013-02-10,56
2013-02-11,40
2013-02-12,71
2013-02-13,43
2013-02-14,100
2013-02-15,81
2013-02-16,78
2013-02-17,61
2013-02-18,53
2013-02-19,62
2013-02-20,52
2013-02-21,52
2013-02-22,47
2013-02-23,50
2013-02-24,44
2013-02-25,54
2013-02-26,34
2013-02-27,39
2013-02-28,41
2013-03-01,56
2013-03-02,42
2013-03-03,59
2013-03-04,69
2013-03-05,54
2013-03-06,68
2013-03-07,52
2013-03-08,59
2013-03-09,62
2013-03-10,73
2013-03-11,67
2013-03-12,61
2013-03-13,42
2013-03-14,49
2013-03-15,49
2013-03-16,66
2013-03-17,48
2013-03-18,59
2013-03-19,48
2013-03-20,45
2013-03-21,62
2013-03-22,60
2013-03-23,44
2013-03-24,59
2013-03-25,100
2013-03-26,53
2013-03-27,54
2013-03-28,66
2013-03-29,83
2013-03-30,100
2013-03-31,61
2013-04-01,93
2013-04-02,95
2013-04-03,100
2013-04-04,64
2013-04-05,90
2013-04-06,49
2013-04-07,81
2013-04-08,60
2013-04-09,55
2013-04-10,74
2013-04-11,35
2013-04-12,56
2013-04-13,62
2013-04-14,52
2013-04-15,42
2013-04-16,46
2013-04-17,48
2013-04-18,54
2013-04-19,47
2013-04-20,52
2013-04-21,57
2013-04-22,46
2013-04-23,46
2013-04-24,68
2013-04-25,56
2013-04-26,64
2013-04-27,71
2013-04-28,86
2013-04-29,70
2013-04-30,46
2013-05-01,43
2013-05-02,28
2013-05-03,35
2013-05-04,40
2013-05-05,33
2013-05-06,27
2013-05-07,33
2013-05-08,37
2013-05-09,100
2013-05-10,87
2013-05-11,63
2013-05-12,61
2013-05-13,72
2013-05-14,82
2013-05-15,62
2013-05-16,60
2013-05-17,62
2013-05-18,47
2013-05-19,37
2013-05-20,45
2013-05-21,42
2013-05-22,49
2013-05-23,58
2013-05-24,49
2013-05-25,49
2013-05-26,44
2013-05-27,48
2013-05-28,42
2013-05-29,54
2013-05-30,89
2013-05-31,72
2013-06-01,56
2013-06-02,64
2013-06-03,56
2013-06-04,52
2013-06-05,64
2013-06-06,42
2013-06-07,71
2013-06-08,39
2013-06-09,47
2013-06-10,57
2013-06-11,55
2013-06-12,42
2013-06-13,43
2013-06-14,51
2013-06-15,43
2013-06-16,55
2013-06-17,53
2013-06-18,38
2013-06-19,42
2013-06-20,53
2013-06-21,100
2013-06-22,62
2013-06-23,36
2013-06-24,42
2013-06-25,45
2013-06-26,38
2013-06-27,40
2013-06-28,45
2013-06-29,70
2013-06-30,35
2013-07-01,61
2013-07-02,68
2013-07-03,66
2013-07-04,57
2013-07-05,60
2013-07-06,76
2013-07-07,75
2013-07-08,60
2013-07-09,52
2013-07-10,53
2013-07-11,84
2013-07-12,77
2013-07-13,87
2013-07-14,67
2013-07-15,64
2013-07-16,82
2013-07-17,100
2013-07-18,75
2013-07-19,92
2013-07-20,80
2013-07-21,89
2013-07-22,71
2013-07-23,62
2013-07-24,72
2013-07-25,87
2013-07-26,87
2013-07-27,85
2013-07-28,89
2013-07-29,81
2013-07-30,93
2013-07-31,79
2013-08-01,39
2013-08-02,44
2013-08-03,45
2013-08-04,49
2013-08-05,36
2013-08-06,35
2013-08-07,63
2013-08-08,87
2013-08-09,56
2013-08-10,52
2013-08-11,60
2013-08-12,64
2013-08-13,97
2013-08-14,59
2013-08-15,60
2013-08-16,50
2013-08-17,46
2013-08-18,48
2013-08-19,57
2013-08-20,66
2013-08-21,98
2013-08-22,100
2013-08-23,76
2013-08-24,50
2013-08-25,68
2013-08-26,57
2013-08-27,48
2013-08-28,48
2013-08-29,50
2013-08-30,51
2013-08-31,61
2013-09-01,92
2013-09-02,87
2013-09-03,73
2013-09-04,65
2013-09-05,91
2013-09-06,99
2013-09-07,100
2013-09-08,62
2013-09-09,72
2013-09-10,71
2013-09-11,89
2013-09-12,89
2013-09-13,87
2013-09-14,95
2013-09-15,75
2013-09-16,75
2013-09-17,76
2013-09-18,78
2013-09-19,82
2013-09-20,84
2013-09-21,86
2013-09-22,70
2013-09-23,61
2013-09-24,81
2013-09-25,74
2013-09-26,89
2013-09-27,98
2013-09-28,59
2013-09-29,83
2013-09-30,78
2013-10-01,58
2013-10-02,66
2013-10-03,99
2013-10-04,79
2013-10-05,84
2013-10-06,80
2013-10-07,59
2013-10-08,56
2013-10-09,78
2013-10-10,47
2013-10-11,45
2013-10-12,48
2013-10-13,74
2013-10-14,60
2013-10-15,57
2013-10-16,64
2013-10-17,53
2013-10-18,63
2013-10-19,61
2013-10-20,62
2013-10-21,52
2013-10-22,43
2013-10-23,61
2013-10-24,51
2013-10-25,58
2013-10-26,58
2013-10-27,56
2013-10-28,65
2013-10-29,100
2013-10-30,57
2013-10-31,60
2013-11-01,57
2013-11-02,64
2013-11-03,59
2013-11-04,57
2013-11-05,68
2013-11-06,90
2013-11-07,100
2013-11-08,80
2013-11-09,68
2013-11-10,57
2013-11-11,62
2013-11-12,59
2013-11-13,56
2013-11-14,62
2013-11-15,49
2013-11-16,51
2013-11-17,58
2013-11-18,59
2013-11-19,68
2013-11-20,70
2013-11-21,60
2013-11-22,64
2013-11-23,52
2013-11-24,52
2013-11-25,45
2013-11-26,61
2013-11-27,42
2013-11-28,57
2013-11-29,46
2013-11-30,38
2013-12-01,71
2013-12-02,70
2013-12-03,75
2013-12-04,70
2013-12-05,75
2013-12-06,60
2013-12-07,70
2013-12-08,90
2013-12-09,86
2013-12-10,69
2013-12-11,71
2013-12-12,58
2013-12-13,65
2013-12-14,78
2013-12-15,48
2013-12-16,51
2013-12-17,82
2013-12-18,74
2013-12-19,100
2013-12-20,99
2013-12-21,78
2013-12-22,67
2013-12-23,70
2013-12-24,84
2013-12-25,88
2013-12-26,90
2013-12-27,87
2013-12-28,68
2013-12-29,56
2013-12-30,63
2013-12-31,67
2014-01-01,86
2014-01-02,81
2014-01-03,65
2014-01-04,89
2014-01-05,75
2014-01-06,64
2014-01-07,75
2014-01-08,72
2014-01-09,55
2014-01-10,69
2014-01-11,80
2014-01-12,86
2014-01-13,68
2014-01-14,96
2014-01-15,100
2014-01-16,74
2014-01-17,56
2014-01-18,92
2014-01-19,71
2014-01-20,75
2014-01-21,65
2014-01-22,70
2014-01-23,53
2014-01-24,77
2014-01-25,67
2014-01-26,75
2014-01-27,70
2014-01-28,73
2014-01-29,70
2014-01-30,78
2014-01-31,81
2014-02-01,49
2014-02-02,58
2014-02-03,57
2014-02-04,49
2014-02-05,54
2014-02-06,35
2014-02-07,60
2014-02-08,70
2014-02-09,55
2014-02-10,52
2014-02-11,53
2014-02-12,53
2014-02-13,35
2014-02-14,49
2014-02-15,57
2014-02-16,55
2014-02-17,67
2014-02-18,74
2014-02-19,74
2014-02-20,92
2014-02-21,66
2014-02-22,42
2014-02-23,62
2014-02-24,50
2014-02-25,79
2014-02-26,88
2014-02-27,100
2014-02-28,78
2014-03-01,59
2014-03-02,61
2014-03-03,53
2014-03-04,58
2014-03-05,56
2014-03-06,33
2014-03-07,48
2014-03-08,42
2014-03-09,48
2014-03-10,47
2014-03-11,39
2014-03-12,70
2014-03-13,42
2014-03-14,53
2014-03-15,49
2014-03-16,62
2014-03-17,64
2014-03-18,52
2014-03-19,51
2014-03-20,47
2014-03-21,62
2014-03-22,47
2014-03-23,49
2014-03-24,40
2014-03-25,49
2014-03-26,59
2014-03-27,43
2014-03-28,70
2014-03-29,50
2014-03-30,100
2014-03-31,98
2014-04-01,75
2014-04-02,87
2014-04-03,66
2014-04-04,98
2014-04-05,87
2014-04-06,78
2014-04-07,70
2014-04-08,79
2014-04-09,68
2014-04-10,82
2014-04-11,65
2014-04-12,62
2014-04-13,65
2014-04-14,72
2014-04-15,52
2014-04-16,67
2014-04-17,84
2014-04-18,64
2014-04-19,68
2014-04-20,100
2014-04-21,68
2014-04-22,72
2014-04-23,68
2014-04-24,69
2014-04-25,71
2014-04-26,68
2014-04-27,65
2014-04-28,60
2014-04-29,73
2014-04-30,60
2014-05-01,65
2014-05-02,61
2014-05-03,80
2014-05-04,71
2014-05-05,64
2014-05-06,52
2014-05-07,54
2014-05-08,81
2014-05-09,85
2014-05-10,61
2014-05-11,73
2014-05-12,62
2014-05-13,89
2014-05-14,100
2014-05-15,80
2014-05-16,73
2014-05-17,64
2014-05-18,66
2014-05-19,70
2014-05-20,62
2014-05-21,65
2014-05-22,51
2014-05-23,57
2014-05-24,64
2014-05-25,80
2014-05-26,60
2014-05-27,64
2014-05-28,70
2014-05-29,48
2014-05-30,68
2014-05-31,60
2014-06-01,42
2014-06-02,47
2014-06-03,49
2014-06-04,45
2014-06-05,46
2014-06-06,61
2014-06-07,63
2014-06-08,60
2014-06-09,56
2014-06-10,43
2014-06-11,41
2014-06-12,68
2014-06-13,100
2014-06-14,63
2014-06-15,52
2014-06-16,62
2014-06-17,62
2014-06-18,53
2014-06-19,48
2014-06-20,50
2014-06-21,55
2014-06-22,70
2014-06-23,45
2014-06-24,48
2014-06-25,39
2014-06-26,43
2014-06-27,60
2014-06-28,49
2014-06-29,49
2014-06-30,55
2014-07-01,39
2014-07-02,46
2014-07-03,45
2014-07-04,50
2014-07-05,65
2014-07-06,50
2014-07-07,60
2014-07-08,58
2014-07-09,36
2014-07-10,48
2014-07-11,58
2014-07-12,53
2014-07-13,50
2014-07-14,55
2014-07-15,55
2014-07-16,100
2014-07-17,72
2014-07-18,64
2014-07-19,64
2014-07-20,65
2014-07-21,48
2014-07-22,71
2014-07-23,50
2014-07-24,58
2014-07-25,65
2014-07-26,63
2014-07-27,48
2014-07-28,54
2014-07-29,56
2014-07-30,41
2014-07-31,61
2014-08-01,100
2014-08-02,66
2014-08-03,65
2014-08-04,75
2014-08-05,67
2014-08-06,70
2014-08-07,68
2014-08-08,59
2014-08-09,61
2014-08-10,43
2014-08-11,89
2014-08-12,60
2014-08-13,55
2014-08-14,51
2014-08-15,73
2014-08-16,80
2014-08-17,65
2014-08-18,85
2014-08-19,73
2014-08-20,71
2014-08-21,70
2014-08-22,68
2014-08-23,71
2014-08-24,65
2014-08-25,54
2014-08-26,71
2014-08-27,66
2014-08-28,52
2014-08-29,69
2014-08-30,60
2014-08-31,74
2014-09-01,58
2014-09-02,74
2014-09-03,88
2014-09-04,71
2014-09-05,100
2014-09-06,89
2014-09-07,93
2014-09-08,72
2014-09-09,67
2014-09-10,62
2014-09-11,65
2014-09-12,77
2014-09-13,71
2014-09-14,64
2014-09-15,68
2014-09-16,58
2014-09-17,67
2014-09-18,67
2014-09-19,61
2014-09-20,66
2014-09-21,52
2014-09-22,76
2014-09-23,57
2014-09-24,55
2014-09-25,73
2014-09-26,69
2014-09-27,60
2014-09-28,57
2014-09-29,61
2014-09-30,75
2014-10-01,29
2014-10-02,46
2014-10-03,37
2014-10-04,39
2014-10-05,39
2014-10-06,31
2014-10-07,36
2014-10-08,33
2014-10-09,55
2014-10-10,100
2014-10-11,52
2014-10-12,45
2014-10-13,45
2014-10-14,37
2014-10-15,25
2014-10-16,38
2014-10-17,31
2014-10-18,39
2014-10-19,48
2014-10-20,33
2014-10-21,36
2014-10-22,37
2014-10-23,23
2014-10-24,33
2014-10-25,33
2014-10-26,39
2014-10-27,36
2014-10-28,35
2014-10-29,26
2014-10-30,30
2014-10-31,27
2014-11-01,88
2014-11-02,100
2014-11-03,76
2014-11-04,70
2014-11-05,80
2014-11-06,88
2014-11-07,81
2014-11-08,85
2014-11-09,71
2014-11-10,77
2014-11-11,71
2014-11-12,95
2014-11-13,73
2014-11-14,83
2014-11-15,68
2014-11-16,79
2014-11-17,49
2014-11-18,76
2014-11-19,73
2014-11-20,61
2014-11-21,80
2014-11-22,71
2014-11-23,69
2014-11-24,65
2014-11-25,62
2014-11-26,76
2014-11-27,85
2014-11-28,78
2014-11-29,80
2014-11-30,66
2014-12-01,51
2014-12-02,65
2014-12-03,49
2014-12-04,67
2014-12-05,53
2014-12-06,72
2014-12-07,70
2014-12-08,55
2014-12-09,52
2014-12-10,54
2014-12-11,44
2014-12-12,66
2014-12-13,36
2014-12-14,45
2014-12-15,60
2014-12-16,60
2014-12-17,48
2014-12-18,52
2014-12-19,62
2014-12-20,69
2014-12-21,69
2014-12-22,56
2014-12-23,72
2014-12-24,69
2014-12-25,68
2014-12-26,100
2014-12-27,90
2014-12-28,81
2014-12-29,66
2014-12-30,67
2014-12-31,69
2015-01-01,77
2015-01-02,50
2015-01-03,66
2015-01-04,55
2015-01-05,42
2015-01-06,52
2015-01-07,44
2015-01-08,71
2015-01-09,48
2015-01-10,61
2015-01-11,46
2015-01-12,65
2015-01-13,65
2015-01-14,88
2015-01-15,68
2015-01-16,53
2015-01-17,63
2015-01-18,56
2015-01-19,59
2015-01-20,56
2015-01-21,56
2015-01-22,56
2015-01-23,56
2015-01-24,56
2015-01-25,60
2015-01-26,56
2015-01-27,69
2015-01-28,86
2015-01-29,90
2015-01-30,100
2015-01-31,85
2015-02-01,72
2015-02-02,74
2015-02-03,45
2015-02-04,68
2015-02-05,74
2015-02-06,68
2015-02-07,65
2015-02-08,78
2015-02-09,73
2015-02-10,64
2015-02-11,70
2015-02-12,70
2015-02-13,100
2015-02-14,97
2015-02-15,79
2015-02-16,62
2015-02-17,70
2015-02-18,74
2015-02-19,58
2015-02-20,82
2015-02-21,60
2015-02-22,76
2015-02-23,68
2015-02-24,67
2015-02-25,66
2015-02-26,60
2015-02-27,73
2015-02-28,56
2015-03-01,70
2015-03-02,81
2015-03-03,63
2015-03-04,69
2015-03-05,67
2015-03-06,79
2015-03-07,81
2015-03-08,58
2015-03-09,62
2015-03-10,53
2015-03-11,81
2015-03-12,68
2015-03-13,58
2015-03-14,76
2015-03-15,89
2015-03-16,90
2015-03-17,84
2015-03-18,74
2015-03-19,100
2015-03-20,99
2015-03-21,97
2015-03-22,87
2015-03-23,64
2015-03-24,55
2015-03-25,61
2015-03-26,46
2015-03-27,62
2015-03-28,77
2015-03-29,71
2015-03-30,68
2015-03-31,67
2015-04-01,68
2015-04-02,78
2015-04-03,78
2015-04-04,82
2015-04-05,94
2015-04-06,70
2015-04-07,89
2015-04-08,74
2015-04-09,94
2015-04-10,71
2015-04-11,59
2015-04-12,68
2015-04-13,73
2015-04-14,76
2015-04-15,69
2015-04-16,63
2015-04-17,76
2015-04-18,58
2015-04-19,72
2015-04-20,79
2015-04-21,70
2015-04-22,72
2015-04-23,75
2015-04-24,90
2015-04-25,75
2015-04-26,67
2015-04-27,82
2015-04-28,59
2015-04-29,62
2015-04-30,100
2015-05-01,100
2015-05-02,70
2015-05-03,58
2015-05-04,44
2015-05-05,44
2015-05-06,49
2015-05-07,45
2015-05-08,43
2015-05-09,44
2015-05-10,47
2015-05-11,39
2015-05-12,43
2015-05-13,46
2015-05-14,35
2015-05-15,38
2015-05-16,38
2015-05-17,35
2015-05-18,33
2015-05-19,33
2015-05-20,36
2015-05-21,40
2015-05-22,42
2015-05-23,46
2015-05-24,35
2015-05-25,36
2015-05-26,38
2015-05-27,38
2015-05-28,36
2015-05-29,39
2015-05-30,43
2015-05-31,39
2015-06-01,85
2015-06-02,79
2015-06-03,64
2015-06-04,57
2015-06-05,69
2015-06-06,76
2015-06-07,100
2015-06-08,69
2015-06-09,75
2015-06-10,91
2015-06-11,75
2015-06-12,65
2015-06-13,83
2015-06-14,79
2015-06-15,80
2015-06-16,79
2015-06-17,64
2015-06-18,83
2015-06-19,72
2015-06-20,93
2015-06-21,79
2015-06-22,75
2015-06-23,69
2015-06-24,79
2015-06-25,72
2015-06-26,72
2015-06-27,65
2015-06-28,90
2015-06-29,80
2015-06-30,66
2015-07-01,50
2015-07-02,65
2015-07-03,64
2015-07-04,72
2015-07-05,66
2015-07-06,62
2015-07-07,57
2015-07-08,56
2015-07-09,71
2015-07-10,50
2015-07-11,56
2015-07-12,72
2015-07-13,60
2015-07-14,53
2015-07-15,55
2015-07-16,62
2015-07-17,81
2015-07-18,100
2015-07-19,97
2015-07-20,71
2015-07-21,71
2015-07-22,71
2015-07-23,69
2015-07-24,60
2015-07-25,68
2015-07-26,74
2015-07-27,77
2015-07-28,64
2015-07-29,62
2015-07-30,62
2015-07-31,57
2015-08-01,74
2015-08-02,83
2015-08-03,78
2015-08-04,73
2015-08-05,87
2015-08-06,95
2015-08-07,100
2015-08-08,86
2015-08-09,88
2015-08-10,78
2015-08-11,68
2015-08-12,72
2015-08-13,64
2015-08-14,70
2015-08-15,79
2015-08-16,87
2015-08-17,75
2015-08-18,72
2015-08-19,73
2015-08-20,65
2015-08-21,84
2015-08-22,65
2015-08-23,76
2015-08-24,62
2015-08-25,67
2015-08-26,64
2015-08-27,85
2015-08-28,93
2015-08-29,90
2015-08-30,76
2015-08-31,86
2015-09-01,37
2015-09-02,43
2015-09-03,50
2015-09-04,38
2015-09-05,45
2015-09-06,39
2015-09-07,37
2015-09-08,36
2015-09-09,35
2015-09-10,32
2015-09-11,43
2015-09-12,41
2015-09-13,37
2015-09-14,38
2015-09-15,46
2015-09-16,45
2015-09-17,38
2015-09-18,40
2015-09-19,42
2015-09-20,42
2015-09-21,40
2015-09-22,38
2015-09-23,42
2015-09-24,47
2015-09-25,45
2015-09-26,45
2015-09-27,51
2015-09-28,47
2015-09-29,50
2015-09-30,100
2015-10-01,100
2015-10-02,83
2015-10-03,83
2015-10-04,91
2015-10-05,51
2015-10-06,62
2015-10-07,62
2015-10-08,65
2015-10-09,68
2015-10-10,74
2015-10-11,61
2015-10-12,55
2015-10-13,64
2015-10-14,69
2015-10-15,90
2015-10-16,84
2015-10-17,85
2015-10-18,59
2015-10-19,67
2015-10-20,64
2015-10-21,51
2015-10-22,66
2015-10-23,57
2015-10-24,78
2015-10-25,72
2015-10-26,57
2015-10-27,57
2015-10-28,65
2015-10-29,59
2015-10-30,56
2015-10-31,56
2015-11-01,72
2015-11-02,74
2015-11-03,75
2015-11-04,87
2015-11-05,75
2015-11-06,87
2015-11-07,99
2015-11-08,83
2015-11-09,86
2015-11-10,69
2015-11-11,72
2015-11-12,72
2015-11-13,73
2015-11-14,79
2015-11-15,68
2015-11-16,76
2015-11-17,61
2015-11-18,70
2015-11-19,61
2015-11-20,99
2015-11-21,82
2015-11-22,77
2015-11-23,67
2015-11-24,79
2015-11-25,92
2015-11-26,76
2015-11-27,80
2015-11-28,82
2015-11-29,100
2015-11-30,74
2015-12-01,68
2015-12-02,75
2015-12-03,75
2015-12-04,83
2015-12-05,79
2015-12-06,69
2015-12-07,71
2015-12-08,58
2015-12-09,58
2015-12-10,87
2015-12-11,71
2015-12-12,62
2015-12-13,54
2015-12-14,51
2015-12-15,60
2015-12-16,64
2015-12-17,64
2015-12-18,71
2015-12-19,76
2015-12-20,61
2015-12-21,75
2015-12-22,81
2015-12-23,64
2015-12-24,77
2015-12-25,100
2015-12-26,79
2015-12-27,73
2015-12-28,60
2015-12-29,83
2015-12-30,80
2015-12-31,67
2016-01-01,81
2016-01-02,81
2016-01-03,65
2016-01-04,75
2016-01-05,78
2016-01-06,69
2016-01-07,67
2016-01-08,77
2016-01-09,71
2016-01-10,100
2016-01-11,87
2016-01-12,75
2016-01-13,82
2016-01-14,73
2016-01-15,84
2016-01-16,57
2016-01-17,80
2016-01-18,69
2016-01-19,81
2016-01-20,61
2016-01-21,72
2016-01-22,65
2016-01-23,78
2016-01-24,64
2016-01-25,57
2016-01-26,57
2016-01-27,82
2016-01-28,65
2016-01-29,80
2016-01-30,73
2016-01-31,88
2016-02-01,50
2016-02-02,57
2016-02-03,55
2016-02-04,58
2016-02-05,61
2016-02-06,59
2016-02-07,59
2016-02-08,56
2016-02-09,54
2016-02-10,56
2016-02-11,100
2016-02-12,75
2016-02-13,61
2016-02-14,57
2016-02-15,54
2016-02-16,53
2016-02-17,64
2016-02-18,56
2016-02-19,66
2016-02-20,58
2016-02-21,55
2016-02-22,50
2016-02-23,44
2016-02-24,51
2016-02-25,54
2016-02-26,42
2016-02-27,56
2016-02-28,68
2016-02-29,47
2016-03-01,33
2016-03-02,35
2016-03-03,39
2016-03-04,28
2016-03-05,38
2016-03-06,31
2016-03-07,34
2016-03-08,30
2016-03-09,36
2016-03-10,32
2016-03-11,30
2016-03-12,29
2016-03-13,33
2016-03-14,39
2016-03-15,27
2016-03-16,29
2016-03-17,30
2016-03-18,27
2016-03-19,31
2016-03-20,31
2016-03-21,34
2016-03-22,37
2016-03-23,37
2016-03-24,41
2016-03-25,33
2016-03-26,35
2016-03-27,38
2016-03-28,32
2016-03-29,27
2016-03-30,40
2016-03-31,100
2016-04-01,100
2016-04-02,48
2016-04-03,38
2016-04-04,33
2016-04-05,25
2016-04-06,26
2016-04-07,22
2016-04-08,22
2016-04-09,18
2016-04-10,19
2016-04-11,15
2016-04-12,16
2016-04-13,15
2016-04-14,15
2016-04-15,16
2016-04-16,17
2016-04-17,16
2016-04-18,15
2016-04-19,14
2016-04-20,13
2016-04-21,14
2016-04-22,15
2016-04-23,15
2016-04-24,14
2016-04-25,12
2016-04-26,12
2016-04-27,15
2016-04-28,12
2016-04-29,15
2016-04-30,12
2016-05-01,100
2016-05-02,80
2016-05-03,69
2016-05-04,73
2016-05-05,82
2016-05-06,88
2016-05-07,82
2016-05-08,80
2016-05-09,74
2016-05-10,73
2016-05-11,78
2016-05-12,79
2016-05-13,64
2016-05-14,93
2016-05-15,72
2016-05-16,74
2016-05-17,65
2016-05-18,58
2016-05-19,55
2016-05-20,66
2016-05-21,73
2016-05-22,92
2016-05-23,63
2016-05-24,58
2016-05-25,62
2016-05-26,72
2016-05-27,83
2016-05-28,72
2016-05-29,72
2016-05-30,52
2016-05-31,68
2016-06-01,75
2016-06-02,63
2016-06-03,67
2016-06-04,70
2016-06-05,77
2016-06-06,67
2016-06-07,58
2016-06-08,58
2016-06-09,73
2016-06-10,90
2016-06-11,100
2016-06-12,78
2016-06-13,60
2016-06-14,67
2016-06-15,75
2016-06-16,73
2016-06-17,78
2016-06-18,66
2016-06-19,53
2016-06-20,74
2016-06-21,74
2016-06-22,65
2016-06-23,63
2016-06-24,61
2016-06-25,78
2016-06-26,75
2016-06-27,55
2016-06-28,56
2016-06-29,61
2016-06-30,77
2016-07-01,100
2016-07-02,80
2016-07-03,63
2016-07-04,54
2016-07-05,63
2016-07-06,48
2016-07-07,45
2016-07-08,42
2016-07-09,58
2016-07-10,54
2016-07-11,46
2016-07-12,53
2016-07-13,72
2016-07-14,49
2016-07-15,59
2016-07-16,43
2016-07-17,65
2016-07-18,58
2016-07-19,52
2016-07-20,55
2016-07-21,68
2016-07-22,62
2016-07-23,60
2016-07-24,58
2016-07-25,52
2016-07-26,65
2016-07-27,63
2016-07-28,45
2016-07-29,47
2016-07-30,66
2016-07-31,67
2016-08-01,76
2016-08-02,81
2016-08-03,80
2016-08-04,69
2016-08-05,73
2016-08-06,74
2016-08-07,84
2016-08-08,66
2016-08-09,69
2016-08-10,72
2016-08-11,59
2016-08-12,74
2016-08-13,63
2016-08-14,93
2016-08-15,45
2016-08-16,72
2016-08-17,75
2016-08-18,47
2016-08-19,74
2016-08-20,70
2016-08-21,66
2016-08-22,50
2016-08-23,93
2016-08-24,100
2016-08-25,78
2016-08-26,84
2016-08-27,79
2016-08-28,71
2016-08-29,60
2016-08-30,76
2016-08-31,80
2016-09-01,81
2016-09-02,97
2016-09-03,96
2016-09-04,83
2016-09-05,73
2016-09-06,81
2016-09-07,72
2016-09-08,74
2016-09-09,71
2016-09-10,94
2016-09-11,92
2016-09-12,87
2016-09-13,93
2016-09-14,84
2016-09-15,84
2016-09-16,75
2016-09-17,77
2016-09-18,72
2016-09-19,74
2016-09-20,60
2016-09-21,75
2016-09-22,78
2016-09-23,77
2016-09-24,85
2016-09-25,76
2016-09-26,74
2016-09-27,84
2016-09-28,90
2016-09-29,84
2016-09-30,100
2016-10-01,78
2016-10-02,69
2016-10-03,87
2016-10-04,64
2016-10-05,68
2016-10-06,57
2016-10-07,73
2016-10-08,70
2016-10-09,72
2016-10-10,67
2016-10-11,63
2016-10-12,58
2016-10-13,70
2016-10-14,64
2016-10-15,73
2016-10-16,76
2016-10-17,59
2016-10-18,54
2016-10-19,76
2016-10-20,100
2016-10-21,87
2016-10-22,76
2016-10-23,81
2016-10-24,61
2016-10-25,52
2016-10-26,67
2016-10-27,66
2016-10-28,65
2016-10-29,80
2016-10-30,77
2016-10-31,80
2016-11-01,77
2016-11-02,91
2016-11-03,65
2016-11-04,69
2016-11-05,85
2016-11-06,85
2016-11-07,85
2016-11-08,72
2016-11-09,54
2016-11-10,63
2016-11-11,80
2016-11-12,59
2016-11-13,82
2016-11-14,62
2016-11-15,80
2016-11-16,72
2016-11-17,72
2016-11-18,82
2016-11-19,100
2016-11-20,73
2016-11-21,88
2016-11-22,73
2016-11-23,64
2016-11-24,76
2016-11-25,69
2016-11-26,85
2016-11-27,68
2016-11-28,66
2016-11-29,60
2016-11-30,62
2016-12-01,60
2016-12-02,72
2016-12-03,69
2016-12-04,78
2016-12-05,68
2016-12-06,70
2016-12-07,52
2016-12-08,71
2016-12-09,60
2016-12-10,79
2016-12-11,56
2016-12-12,63
2016-12-13,56
2016-12-14,80
2016-12-15,74
2016-12-16,78
2016-12-17,84
2016-12-18,89
2016-12-19,68
2016-12-20,74
2016-12-21,66
2016-12-22,76
2016-12-23,61
2016-12-24,82
2016-12-25,95
2016-12-26,83
2016-12-27,61
2016-12-28,89
2016-12-29,100
2016-12-30,91
2016-12-31,73
2017-01-01,98
2017-01-02,93
2017-01-03,98
2017-01-04,84
2017-01-05,81
2017-01-06,80
2017-01-07,87
2017-01-08,96
2017-01-09,86
2017-01-10,70
2017-01-11,85
2017-01-12,69
2017-01-13,80
2017-01-14,100
2017-01-15,94
2017-01-16,81
2017-01-17,71
2017-01-18,67
2017-01-19,72
2017-01-20,84
2017-01-21,86
2017-01-22,94
2017-01-23,83
2017-01-24,73
2017-01-25,70
2017-01-26,83
2017-01-27,76
2017-01-28,98
2017-01-29,82
2017-01-30,75
2017-01-31,72
2017-02-01,81
2017-02-02,66
2017-02-03,85
2017-02-04,98
2017-02-05,75
2017-02-06,90
2017-02-07,63
2017-02-08,95
2017-02-09,91
2017-02-10,74
2017-02-11,77
2017-02-12,94
2017-02-13,71
2017-02-14,75
2017-02-15,82
2017-02-16,76
2017-02-17,78
2017-02-18,86
2017-02-19,89
2017-02-20,81
2017-02-21,69
2017-02-22,72
2017-02-23,86
2017-02-24,92
2017-02-25,81
2017-02-26,100
2017-02-27,73
2017-02-28,97
2017-03-01,66
2017-03-02,81
2017-03-03,86
2017-03-04,96
2017-03-05,99
2017-03-06,80
2017-03-07,69
2017-03-08,77
2017-03-09,63
2017-03-10,88
2017-03-11,80
2017-03-12,84
2017-03-13,76
2017-03-14,80
2017-03-15,85
2017-03-16,63
2017-03-17,80
2017-03-18,90
2017-03-19,76
2017-03-20,83
2017-03-21,72
2017-03-22,58
2017-03-23,75
2017-03-24,82
2017-03-25,79
2017-03-26,100
2017-03-27,79
2017-03-28,73
2017-03-29,75
2017-03-30,79
2017-03-31,92
2017-04-01,67
2017-04-02,60
2017-04-03,76
2017-04-04,87
2017-04-05,74
2017-04-06,65
2017-04-07,56
2017-04-08,66
2017-04-09,86
2017-04-10,65
2017-04-11,82
2017-04-12,82
2017-04-13,87
2017-04-14,100
2017-04-15,80
2017-04-16,92
2017-04-17,80
2017-04-18,76
2017-04-19,73
2017-04-20,64
2017-04-21,65
2017-04-22,70
2017-04-23,64
2017-04-24,69
2017-04-25,66
2017-04-26,57
2017-04-27,63
2017-04-28,69
2017-04-29,79
2017-04-30,79
2017-05-01,100
2017-05-02,86
2017-05-03,94
2017-05-04,100
2017-05-05,92
2017-05-06,87
2017-05-07,79
2017-05-08,69
2017-05-09,84
2017-05-10,84
2017-05-11,97
2017-05-12,78
2017-05-13,85
2017-05-14,78
2017-05-15,78
2017-05-16,70
2017-05-17,66
2017-05-18,73
2017-05-19,87
2017-05-20,91
2017-05-21,74
2017-05-22,72
2017-05-23,79
2017-05-24,84
2017-05-25,81
2017-05-26,69
2017-05-27,88
2017-05-28,99
2017-05-29,67
2017-05-30,66
2017-05-31,71
2017-06-01,78
2017-06-02,77
2017-06-03,74
2017-06-04,100
2017-06-05,67
2017-06-06,80
2017-06-07,89
2017-06-08,75
2017-06-09,80
2017-06-10,87
2017-06-11,94
2017-06-12,87
2017-06-13,91
2017-06-14,80
2017-06-15,64
2017-06-16,85
2017-06-17,95
2017-06-18,96
2017-06-19,66
2017-06-20,64
2017-06-21,89
2017-06-22,76
2017-06-23,77
2017-06-24,89
2017-06-25,95
2017-06-26,86
2017-06-27,76
2017-06-28,76
2017-06-29,60
2017-06-30,78
2017-07-01,32
2017-07-02,35
2017-07-03,48
2017-07-04,45
2017-07-05,41
2017-07-06,42
2017-07-07,39
2017-07-08,36
2017-07-09,50
2017-07-10,38
2017-07-11,33
2017-07-12,35
2017-07-13,32
2017-07-14,34
2017-07-15,40
2017-07-16,35
2017-07-17,31
2017-07-18,28
2017-07-19,27
2017-07-20,32
2017-07-21,34
2017-07-22,36
2017-07-23,36
2017-07-24,29
2017-07-25,32
2017-07-26,40
2017-07-27,39
2017-07-28,40
2017-07-29,100
2017-07-30,69
2017-07-31,55
2017-08-01,81
2017-08-02,78
2017-08-03,100
2017-08-04,90
2017-08-05,80
2017-08-06,89
2017-08-07,72
2017-08-08,59
2017-08-09,83
2017-08-10,59
2017-08-11,67
2017-08-12,62
2017-08-13,66
2017-08-14,65
2017-08-15,51
2017-08-16,59
2017-08-17,57
2017-08-18,59
2017-08-19,75
2017-08-20,74
2017-08-21,55
2017-08-22,49
2017-08-23,58
2017-08-24,64
2017-08-25,66
2017-08-26,61
2017-08-27,60
2017-08-28,51
2017-08-29,52
2017-08-30,57
2017-08-31,61
2017-09-01,71
2017-09-02,80
2017-09-03,69
2017-09-04,65
2017-09-05,74
2017-09-06,67
2017-09-07,72
2017-09-08,50
2017-09-09,80
2017-09-10,60
2017-09-11,80
2017-09-12,73
2017-09-13,76
2017-09-14,100
2017-09-15,96
2017-09-16,84
2017-09-17,83
2017-09-18,64
2017-09-19,76
2017-09-20,65
2017-09-21,68
2017-09-22,70
2017-09-23,78
2017-09-24,76
2017-09-25,68
2017-09-26,68
2017-09-27,67
2017-09-28,64
2017-09-29,83
2017-09-30,77
2017-10-01,95
2017-10-02,87
2017-10-03,99
2017-10-04,95
2017-10-05,90
2017-10-06,82
2017-10-07,100
2017-10-08,96
2017-10-09,97
2017-10-10,82
2017-10-11,79
2017-10-12,72
2017-10-13,97
2017-10-14,95
2017-10-15,97
2017-10-16,92
2017-10-17,90
2017-10-18,79
2017-10-19,81
2017-10-20,86
2017-10-21,88
2017-10-22,87
2017-10-23,84
2017-10-24,80
2017-10-25,85
2017-10-26,89
2017-10-27,82
2017-10-28,72
2017-10-29,98
2017-10-30,76
2017-10-31,72
2017-11-01,5
2017-11-02,6
2017-11-03,6
2017-11-04,6
2017-11-05,6
2017-11-06,5
2017-11-07,5
2017-11-08,6
2017-11-09,6
2017-11-10,6
2017-11-11,7
2017-11-12,6
2017-11-13,6
2017-11-14,6
2017-11-15,6
2017-11-16,10
2017-11-17,100
2017-11-18,55
2017-11-19,32
2017-11-20,34
2017-11-21,26
2017-11-22,20
2017-11-23,19
2017-11-24,16
2017-11-25,15
2017-11-26,13
2017-11-27,11
2017-11-28,10
2017-11-29,9
2017-11-30,10
2017-12-01,85
2017-12-02,100
2017-12-03,91
2017-12-04,86
2017-12-05,70
2017-12-06,69
2017-12-07,64
2017-12-08,80
2017-12-09,75
2017-12-10,76
2017-12-11,63
2017-12-12,61
2017-12-13,69
2017-12-14,55
2017-12-15,65
2017-12-16,65
2017-12-17,55
2017-12-18,55
2017-12-19,66
2017-12-20,65
2017-12-21,57
2017-12-22,67
2017-12-23,89
2017-12-24,85
2017-12-25,86
2017-12-26,73
2017-12-27,67
2017-12-28,60
2017-12-29,63
2017-12-30,61
2017-12-31,68
2018-01-01,84
2018-01-02,86
2018-01-03,91
2018-01-04,93
2018-01-05,88
2018-01-06,98
2018-01-07,80
2018-01-08,87
2018-01-09,85
2018-01-10,95
2018-01-11,86
2018-01-12,81
2018-01-13,84
2018-01-14,86
2018-01-15,95
2018-01-16,93
2018-01-17,81
2018-01-18,65
2018-01-19,71
2018-01-20,100
2018-01-21,91
2018-01-22,88
2018-01-23,90
2018-01-24,90
2018-01-25,96
2018-01-26,89
2018-01-27,80
2018-01-28,99
2018-01-29,94
2018-01-30,83
2018-01-31,72
2018-02-01,19
2018-02-02,18
2018-02-03,20
2018-02-04,24
2018-02-05,20
2018-02-06,50
2018-02-07,100
2018-02-08,69
2018-02-09,51
2018-02-10,43
2018-02-11,42
2018-02-12,31
2018-02-13,29
2018-02-14,26
2018-02-15,24
2018-02-16,26
2018-02-17,28
2018-02-18,29
2018-02-19,24
2018-02-20,22
2018-02-21,24
2018-02-22,24
2018-02-23,26
2018-02-24,26
2018-02-25,25
2018-02-26,25
2018-02-27,23
2018-02-28,23
2018-03-01,82
2018-03-02,83
2018-03-03,89
2018-03-04,89
2018-03-05,73
2018-03-06,91
2018-03-07,74
2018-03-08,81
2018-03-09,89
2018-03-10,79
2018-03-11,96
2018-03-12,75
2018-03-13,80
2018-03-14,70
2018-03-15,70
2018-03-16,66
2018-03-17,81
2018-03-18,81
2018-03-19,74
2018-03-20,81
2018-03-21,68
2018-03-22,79
2018-03-23,76
2018-03-24,89
2018-03-25,91
2018-03-26,73
2018-03-27,69
2018-03-28,78
2018-03-29,83
2018-03-30,100
2018-03-31,92
2018-04-01,79
2018-04-02,100
2018-04-03,87
2018-04-04,68
2018-04-05,64
2018-04-06,78
2018-04-07,77
2018-04-08,82
2018-04-09,66
2018-04-10,62
2018-04-11,69
2018-04-12,73
2018-04-13,66
2018-04-14,88
2018-04-15,75
2018-04-16,71
2018-04-17,69
2018-04-18,72
2018-04-19,70
2018-04-20,76
2018-04-21,58
2018-04-22,77
2018-04-23,74
2018-04-24,74
2018-04-25,50
2018-04-26,63
2018-04-27,58
2018-04-28,71
2018-04-29,81
2018-04-30,66
2018-05-01,67
2018-05-02,89
2018-05-03,88
2018-05-04,93
2018-05-05,81
2018-05-06,75
2018-05-07,78
2018-05-08,92
2018-05-09,69
2018-05-10,79
2018-05-11,87
2018-05-12,83
2018-05-13,88
2018-05-14,72
2018-05-15,87
2018-05-16,89
2018-05-17,86
2018-05-18,76
2018-05-19,67
2018-05-20,100
2018-05-21,77
2018-05-22,87
2018-05-23,83
2018-05-24,80
2018-05-25,87
2018-05-26,75
2018-05-27,75
2018-05-28,78
2018-05-29,78
2018-05-30,86
2018-05-31,80
2018-06-01,90
2018-06-02,90
2018-06-03,92
2018-06-04,69
2018-06-05,76
2018-06-06,97
2018-06-07,88
2018-06-08,92
2018-06-09,74
2018-06-10,79
2018-06-11,85
2018-06-12,100
2018-06-13,90
2018-06-14,82
2018-06-15,75
2018-06-16,83
2018-06-17,90
2018-06-18,67
2018-06-19,79
2018-06-20,65
2018-06-21,70
2018-06-22,87
2018-06-23,83
2018-06-24,87
2018-06-25,74
2018-06-26,72
2018-06-27,79
2018-06-28,96
2018-06-29,95
2018-06-30,96
2018-07-01,68
2018-07-02,72
2018-07-03,82
2018-07-04,70
2018-07-05,61
2018-07-06,77
2018-07-07,80
2018-07-08,77
2018-07-09,88
2018-07-10,84
2018-07-11,80
2018-07-12,80
2018-07-13,76
2018-07-14,92
2018-07-15,92
2018-07-16,100
2018-07-17,72
2018-07-18,90
2018-07-19,81
2018-07-20,74
2018-07-21,93
2018-07-22,83
2018-07-23,78
2018-07-24,74
2018-07-25,88
2018-07-26,71
2018-07-27,84
2018-07-28,91
2018-07-29,88
2018-07-30,81
2018-07-31,83
2018-08-01,51
2018-08-02,78
2018-08-03,65
2018-08-04,69
2018-08-05,68
2018-08-06,52
2018-08-07,86
2018-08-08,100
2018-08-09,75
2018-08-10,72
2018-08-11,76
2018-08-12,69
2018-08-13,55
2018-08-14,63
2018-08-15,66
2018-08-16,58
2018-08-17,77
2018-08-18,74
2018-08-19,73
2018-08-20,74
2018-08-21,68
2018-08-22,65
2018-08-23,60
2018-08-24,78
2018-08-25,83
2018-08-26,69
2018-08-27,59
2018-08-28,75
2018-08-29,54
2018-08-30,60
2018-08-31,71
2018-09-01,49
2018-09-02,54
2018-09-03,47
2018-09-04,57
2018-09-05,48
2018-09-06,50
2018-09-07,99
2018-09-08,88
2018-09-09,68
2018-09-10,57
2018-09-11,64
2018-09-12,64
2018-09-13,58
2018-09-14,61
2018-09-15,54
2018-09-16,57
2018-09-17,53
2018-09-18,59
2018-09-19,59
2018-09-20,60
2018-09-21,50
2018-09-22,48
2018-09-23,58
2018-09-24,52
2018-09-25,51
2018-09-26,55
2018-09-27,56
2018-09-28,75
2018-09-29,74
2018-09-30,100
2018-10-01,100
2018-10-02,82
2018-10-03,74
2018-10-04,76
2018-10-05,77
2018-10-06,77
2018-10-07,74
2018-10-08,65
2018-10-09,76
2018-10-10,79
2018-10-11,59
2018-10-12,80
2018-10-13,72
2018-10-14,72
2018-10-15,77
2018-10-16,70
2018-10-17,56
2018-10-18,76
2018-10-19,82
2018-10-20,79
2018-10-21,74
2018-10-22,58
2018-10-23,69
2018-10-24,84
2018-10-25,82
2018-10-26,77
2018-10-27,75
2018-10-28,67
2018-10-29,61
2018-10-30,61
2018-10-31,64
2018-11-01,82
2018-11-02,96
2018-11-03,99
2018-11-04,97
2018-11-05,94
2018-11-06,84
2018-11-07,84
2018-11-08,79
2018-11-09,86
2018-11-10,94
2018-11-11,90
2018-11-12,85
2018-11-13,77
2018-11-14,93
2018-11-15,86
2018-11-16,92
2018-11-17,94
2018-11-18,96
2018-11-19,87
2018-11-20,78
2018-11-21,77
2018-11-22,73
2018-11-23,70
2018-11-24,91
2018-11-25,80
2018-11-26,88
2018-11-27,82
2018-11-28,86
2018-11-29,100
2018-11-30,76
2018-12-01,53
2018-12-02,68
2018-12-03,57
2018-12-04,57
2018-12-05,56
2018-12-06,65
2018-12-07,62
2018-12-08,68
2018-12-09,77
2018-12-10,72
2018-12-11,74
2018-12-12,75
2018-12-13,66
2018-12-14,74
2018-12-15,72
2018-12-16,67
2018-12-17,76
2018-12-18,73
2018-12-19,74
2018-12-20,68
2018-12-21,78
2018-12-22,84
2018-12-23,100
2018-12-24,77
2018-12-25,79
2018-12-26,67
2018-12-27,78
2018-12-28,70
2018-12-29,75
2018-12-30,72
2018-12-31,67
2019-01-01,74
2019-01-02,91
2019-01-03,93
2019-01-04,83
2019-01-05,86
2019-01-06,100
2019-01-07,91
2019-01-08,75
2019-01-09,95
2019-01-10,91
2019-01-11,88
2019-01-12,95
2019-01-13,83
2019-01-14,73
2019-01-15,79
2019-01-16,72
2019-01-17,89
2019-01-18,95
2019-01-19,96
2019-01-20,85
2019-01-21,78
2019-01-22,78
2019-01-23,75
2019-01-24,77
2019-01-25,75
2019-01-26,87
2019-01-27,85
2019-01-28,71
2019-01-29,74
2019-01-30,59
2019-01-31,78
2019-02-01,79
2019-02-02,96
2019-02-03,100
2019-02-04,82
2019-02-05,89
2019-02-06,92
2019-02-07,89
2019-02-08,82
2019-02-09,92
2019-02-10,86
2019-02-11,75
2019-02-12,74
2019-02-13,84
2019-02-14,62
2019-02-15,85
2019-02-16,96
2019-02-17,96
2019-02-18,71
2019-02-19,81
2019-02-20,98
2019-02-21,82
2019-02-22,94
2019-02-23,92
2019-02-24,90
2019-02-25,79
2019-02-26,85
2019-02-27,75
2019-02-28,98
2019-03-01,99
2019-03-02,75
2019-03-03,66
2019-03-04,71
2019-03-05,57
2019-03-06,60
2019-03-07,60
2019-03-08,52
2019-03-09,66
2019-03-10,59
2019-03-11,54
2019-03-12,50
2019-03-13,42
2019-03-14,50
2019-03-15,100
2019-03-16,83
2019-03-17,79
2019-03-18,74
2019-03-19,59
2019-03-20,60
2019-03-21,56
2019-03-22,74
2019-03-23,68
2019-03-24,66
2019-03-25,54
2019-03-26,57
2019-03-27,55
2019-03-28,50
2019-03-29,49
2019-03-30,58
2019-03-31,57
2019-04-01,80
2019-04-02,74
2019-04-03,76
2019-04-04,78
2019-04-05,80
2019-04-06,81
2019-04-07,87
2019-04-08,88
2019-04-09,79
2019-04-10,73
2019-04-11,71
2019-04-12,85
2019-04-13,86
2019-04-14,74
2019-04-15,76
2019-04-16,74
2019-04-17,81
2019-04-18,72
2019-04-19,98
2019-04-20,92
2019-04-21,97
2019-04-22,77
2019-04-23,100
2019-04-24,93
2019-04-25,98
2019-04-26,92
2019-04-27,91
2019-04-28,98
2019-04-29,78
2019-04-30,86
2019-05-01,83
2019-05-02,77
2019-05-03,79
2019-05-04,89
2019-05-05,84
2019-05-06,72
2019-05-07,72
2019-05-08,73
2019-05-09,72
2019-05-10,90
2019-05-11,100
2019-05-12,92
2019-05-13,70
2019-05-14,69
2019-05-15,72
2019-05-16,65
2019-05-17,69
2019-05-18,83
2019-05-19,85
2019-05-20,79
2019-05-21,75
2019-05-22,74
2019-05-23,70
2019-05-24,69
2019-05-25,90
2019-05-26,85
2019-05-27,59
2019-05-28,62
2019-05-29,74
2019-05-30,69
2019-05-31,75
2019-06-01,70
2019-06-02,87
2019-06-03,98
2019-06-04,99
2019-06-05,77
2019-06-06,82
2019-06-07,100
2019-06-08,95
2019-06-09,88
2019-06-10,67
2019-06-11,68
2019-06-12,81
2019-06-13,69
2019-06-14,65
2019-06-15,83
2019-06-16,77
2019-06-17,72
2019-06-18,72
2019-06-19,75
2019-06-20,70
2019-06-21,62
2019-06-22,74
2019-06-23,78
2019-06-24,63
2019-06-25,76
2019-06-26,61
2019-06-27,64
2019-06-28,68
2019-06-29,77
2019-06-30,70
2019-07-01,92
2019-07-02,78
2019-07-03,78
2019-07-04,91
2019-07-05,79
2019-07-06,91
2019-07-07,83
2019-07-08,74
2019-07-09,68
2019-07-10,83
2019-07-11,87
2019-07-12,100
2019-07-13,94
2019-07-14,96
2019-07-15,80
2019-07-16,82
2019-07-17,86
2019-07-18,73
2019-07-19,93
2019-07-20,100
2019-07-21,91
2019-07-22,88
2019-07-23,74
2019-07-24,76
2019-07-25,86
2019-07-26,80
2019-07-27,83
2019-07-28,95
2019-07-29,82
2019-07-30,84
2019-07-31,71
2019-08-01,78
2019-08-02,69
2019-08-03,100
2019-08-04,87
2019-08-05,81
2019-08-06,75
2019-08-07,88
2019-08-08,76
2019-08-09,75
2019-08-10,94
2019-08-11,89
2019-08-12,88
2019-08-13,72
2019-08-14,73
2019-08-15,81
2019-08-16,79
2019-08-17,88
2019-08-18,99
2019-08-19,83
2019-08-20,83
2019-08-21,76
2019-08-22,80
2019-08-23,83
2019-08-24,85
2019-08-25,83
2019-08-26,84
2019-08-27,73
2019-08-28,65
2019-08-29,73
2019-08-30,75
2019-08-31,87
2019-09-01,69
2019-09-02,55
2019-09-03,65
2019-09-04,62
2019-09-05,69
2019-09-06,66
2019-09-07,78
2019-09-08,77
2019-09-09,62
2019-09-10,72
2019-09-11,70
2019-09-12,68
2019-09-13,75
2019-09-14,76
2019-09-15,83
2019-09-16,73
2019-09-17,72
2019-09-18,73
2019-09-19,76
2019-09-20,75
2019-09-21,81
2019-09-22,79
2019-09-23,78
2019-09-24,71
2019-09-25,68
2019-09-26,64
2019-09-27,72
2019-09-28,100
2019-09-29,84
2019-09-30,75
2019-10-01,85
2019-10-02,82
2019-10-03,90
2019-10-04,82
2019-10-05,95
2019-10-06,90
2019-10-07,74
2019-10-08,83
2019-10-09,80
2019-10-10,79
2019-10-11,81
2019-10-12,82
2019-10-13,81
2019-10-14,87
2019-10-15,76
2019-10-16,82
2019-10-17,90
2019-10-18,88
2019-10-19,99
2019-10-20,100
2019-10-21,88
2019-10-22,88
2019-10-23,90
2019-10-24,96
2019-10-25,94
2019-10-26,85
2019-10-27,92
2019-10-28,92
2019-10-29,87
2019-10-30,77
2019-10-31,74
2019-11-01,4
2019-11-02,5
2019-11-03,5
2019-11-04,4
2019-11-05,5
2019-11-06,5
2019-11-07,5
2019-11-08,5
2019-11-09,5
2019-11-10,5
2019-11-11,4
2019-11-12,5
2019-11-13,5
2019-11-14,5
2019-11-15,6
2019-11-16,6
2019-11-17,5
2019-11-18,6
2019-11-19,6
2019-11-20,7
2019-11-21,12
2019-11-22,100
2019-11-23,68
2019-11-24,47
2019-11-25,34
2019-11-26,28
2019-11-27,21
2019-11-28,22
2019-11-29,17
2019-11-30,15
2019-12-01,100
2019-12-02,80
2019-12-03,68
2019-12-04,66
2019-12-05,65
2019-12-06,60
2019-12-07,70
2019-12-08,65
2019-12-09,58
2019-12-10,54
2019-12-11,54
2019-12-12,62
2019-12-13,58
2019-12-14,64
2019-12-15,62
2019-12-16,50
2019-12-17,44
2019-12-18,50
2019-12-19,54
2019-12-20,47
2019-12-21,60
2019-12-22,68
2019-12-23,63
2019-12-24,58
2019-12-25,63
2019-12-26,59
2019-12-27,61
2019-12-28,64
2019-12-29,63
2019-12-30,59
2019-12-31,58
2020-01-01,93
2020-01-02,92
2020-01-03,83
2020-01-04,100
2020-01-05,94
2020-01-06,79
2020-01-07,82
2020-01-08,75
2020-01-09,81
2020-01-10,84
2020-01-11,85
2020-01-12,80
2020-01-13,73
2020-01-14,82
2020-01-15,81
2020-01-16,73
2020-01-17,70
2020-01-18,77
2020-01-19,83
2020-01-20,69
2020-01-21,75
2020-01-22,84
2020-01-23,84
2020-01-24,74
2020-01-25,96
2020-01-26,81
2020-01-27,61
2020-01-28,69
2020-01-29,73
2020-01-30,82
2020-01-31,83
2020-02-01,88
2020-02-02,77
2020-02-03,81
2020-02-04,100
2020-02-05,89
2020-02-06,81
2020-02-07,68
2020-02-08,72
2020-02-09,74
2020-02-10,66
2020-02-11,59
2020-02-12,55
2020-02-13,56
2020-02-14,67
2020-02-15,81
2020-02-16,84
2020-02-17,69
2020-02-18,70
2020-02-19,70
2020-02-20,74
2020-02-21,71
2020-02-22,87
2020-02-23,76
2020-02-24,62
2020-02-25,66
2020-02-26,63
2020-02-27,57
2020-02-28,61
2020-02-29,72
2020-03-01,93
2020-03-02,79
2020-03-03,76
2020-03-04,86
2020-03-05,84
2020-03-06,86
2020-03-07,100
2020-03-08,85
2020-03-09,70
2020-03-10,71
2020-03-11,63
2020-03-12,59
2020-03-13,61
2020-03-14,71
2020-03-15,63
2020-03-16,55
2020-03-17,45
2020-03-18,56
2020-03-19,44
2020-03-20,43
2020-03-21,50
2020-03-22,51
2020-03-23,44
2020-03-24,48
2020-03-25,44
2020-03-26,52
2020-03-27,44
2020-03-28,60
2020-03-29,43
2020-03-30,41
2020-03-31,45
2020-04-01,68
2020-04-02,75
2020-04-03,66
2020-04-04,76
2020-04-05,74
2020-04-06,67
2020-04-07,65
2020-04-08,79
2020-04-09,64
2020-04-10,78
2020-04-11,74
2020-04-12,85
2020-04-13,69
2020-04-14,74
2020-04-15,68
2020-04-16,75
2020-04-17,78
2020-04-18,94
2020-04-19,99
2020-04-20,83
2020-04-21,82
2020-04-22,87
2020-04-23,72
2020-04-24,77
2020-04-25,95
2020-04-26,81
2020-04-27,88
2020-04-28,83
2020-04-29,98
2020-04-30,100
2020-05-01,80
2020-05-02,89
2020-05-03,71
2020-05-04,55
2020-05-05,67
2020-05-06,79
2020-05-07,77
2020-05-08,68
2020-05-09,77
2020-05-10,87
2020-05-11,68
2020-05-12,73
2020-05-13,76
2020-05-14,57
2020-05-15,57
2020-05-16,69
2020-05-17,61
2020-05-18,56
2020-05-19,55
2020-05-20,54
2020-05-21,53
2020-05-22,52
2020-05-23,63
2020-05-24,71
2020-05-25,60
2020-05-26,59
2020-05-27,76
2020-05-28,71
2020-05-29,66
2020-05-30,98
2020-05-31,100
2020-06-01,70
2020-06-02,62
2020-06-03,54
2020-06-04,66
2020-06-05,68
2020-06-06,83
2020-06-07,80
2020-06-08,78
2020-06-09,74
2020-06-10,74
2020-06-11,75
2020-06-12,69
2020-06-13,87
2020-06-14,86
2020-06-15,74
2020-06-16,76
2020-06-17,65
2020-06-18,73
2020-06-19,73
2020-06-20,88
2020-06-21,98
2020-06-22,76
2020-06-23,74
2020-06-24,75
2020-06-25,75
2020-06-26,73
2020-06-27,85
2020-06-28,100
2020-06-29,74
2020-06-30,78
2020-07-01,83
2020-07-02,82
2020-07-03,75
2020-07-04,78
2020-07-05,86
2020-07-06,73
2020-07-07,76
2020-07-08,73
2020-07-09,69
2020-07-10,80
2020-07-11,91
2020-07-12,88
2020-07-13,83
2020-07-14,84
2020-07-15,79
2020-07-16,82
2020-07-17,77
2020-07-18,88
2020-07-19,89
2020-07-20,71
2020-07-21,82
2020-07-22,78
2020-07-23,100
2020-07-24,88
2020-07-25,94
2020-07-26,94
2020-07-27,82
2020-07-28,78
2020-07-29,67
2020-07-30,68
2020-07-31,72
2020-08-01,88
2020-08-02,89
2020-08-03,83
2020-08-04,81
2020-08-05,76
2020-08-06,70
2020-08-07,77
2020-08-08,91
2020-08-09,82
2020-08-10,77
2020-08-11,72
2020-08-12,75
2020-08-13,77
2020-08-14,83
2020-08-15,81
2020-08-16,86
2020-08-17,78
2020-08-18,79
2020-08-19,83
2020-08-20,78
2020-08-21,92
2020-08-22,98
2020-08-23,85
2020-08-24,71
2020-08-25,78
2020-08-26,70
2020-08-27,78
2020-08-28,76
2020-08-29,89
2020-08-30,92
2020-08-31,100
2020-09-01,72
2020-09-02,66
2020-09-03,68
2020-09-04,67
2020-09-05,72
2020-09-06,75
2020-09-07,65
2020-09-08,70
2020-09-09,72
2020-09-10,67
2020-09-11,63
2020-09-12,70
2020-09-13,73
2020-09-14,58
2020-09-15,64
2020-09-16,63
2020-09-17,67
2020-09-18,63
2020-09-19,70
2020-09-20,68
2020-09-21,66
2020-09-22,74
2020-09-23,100
2020-09-24,82
2020-09-25,73
2020-09-26,82
2020-09-27,73
2020-09-28,60
2020-09-29,60
2020-09-30,56
2020-10-01,86
2020-10-02,80
2020-10-03,95
2020-10-04,100
2020-10-05,83
2020-10-06,73
2020-10-07,72
2020-10-08,73
2020-10-09,81
2020-10-10,91
2020-10-11,87
2020-10-12,74
2020-10-13,71
2020-10-14,76
2020-10-15,99
2020-10-16,89
2020-10-17,91
2020-10-18,89
2020-10-19,75
2020-10-20,82
2020-10-21,93
2020-10-22,81
2020-10-23,93
2020-10-24,86
2020-10-25,93
2020-10-26,66
2020-10-27,58
2020-10-28,58
2020-10-29,59
2020-10-30,70
2020-10-31,74
2020-11-01,67
2020-11-02,64
2020-11-03,61
2020-11-04,36
2020-11-05,50
2020-11-06,73
2020-11-07,72
2020-11-08,74
2020-11-09,68
2020-11-10,73
2020-11-11,55
2020-11-12,60
2020-11-13,71
2020-11-14,100
2020-11-15,84
2020-11-16,85
2020-11-17,85
2020-11-18,73
2020-11-19,70
2020-11-20,82
2020-11-21,81
2020-11-22,79
2020-11-23,67
2020-11-24,84
2020-11-25,78
2020-11-26,79
2020-11-27,73
2020-11-28,81
2020-11-29,65
2020-11-30,70
2020-12-01,66
2020-12-02,62
2020-12-03,67
2020-12-04,58
2020-12-05,82
2020-12-06,79
2020-12-07,61
2020-12-08,75
2020-12-09,84
2020-12-10,77
2020-12-11,69
2020-12-12,75
2020-12-13,72
2020-12-14,62
2020-12-15,73
2020-12-16,65
2020-12-17,69
2020-12-18,77
2020-12-19,88
2020-12-20,85
2020-12-21,75
2020-12-22,73
2020-12-23,80
2020-12-24,80
2020-12-25,95
2020-12-26,87
2020-12-27,90
2020-12-28,86
2020-12-29,97
2020-12-30,91
2020-12-31,100
2021-01-01,54
2021-01-02,56
2021-01-03,54
2021-01-04,41
2021-01-05,46
2021-01-06,44
2021-01-07,75
2021-01-08,100
2021-01-09,86
2021-01-10,74
2021-01-11,62
2021-01-12,68
2021-01-13,71
2021-01-14,72
2021-01-15,64
2021-01-16,70
2021-01-17,66
2021-01-18,51
2021-01-19,52
2021-01-20,55
2021-01-21,51
2021-01-22,55
2021-01-23,58
2021-01-24,67
2021-01-25,51
2021-01-26,48
2021-01-27,56
2021-01-28,63
2021-01-29,70
2021-01-30,77
2021-01-31,71
2021-02-01,79
2021-02-02,80
2021-02-03,77
2021-02-04,91
2021-02-05,80
2021-02-06,78
2021-02-07,91
2021-02-08,88
2021-02-09,88
2021-02-10,85
2021-02-11,80
2021-02-12,83
2021-02-13,96
2021-02-14,90
2021-02-15,79
2021-02-16,75
2021-02-17,72
2021-02-18,77
2021-02-19,81
2021-02-20,88
2021-02-21,100
2021-02-22,80
2021-02-23,91
2021-02-24,80
2021-02-25,72
2021-02-26,81
2021-02-27,89
2021-02-28,84
2021-03-01,65
2021-03-02,78
2021-03-03,80
2021-03-04,76
2021-03-05,86
2021-03-06,100
2021-03-07,95
2021-03-08,78
2021-03-09,77
2021-03-10,78
2021-03-11,80
2021-03-12,72
2021-03-13,87
2021-03-14,87
2021-03-15,76
2021-03-16,82
2021-03-17,73
2021-03-18,84
2021-03-19,69
2021-03-20,92
2021-03-21,94
2021-03-22,84
2021-03-23,69
2021-03-24,79
2021-03-25,69
2021-03-26,69
2021-03-27,89
2021-03-28,90
2021-03-29,79
2021-03-30,73
2021-03-31,83
2021-04-01,77
2021-04-02,83
2021-04-03,100
2021-04-04,86
2021-04-05,79
2021-04-06,66
2021-04-07,68
2021-04-08,68
2021-04-09,76
2021-04-10,88
2021-04-11,83
2021-04-12,65
2021-04-13,76
2021-04-14,69
2021-04-15,72
2021-04-16,77
2021-04-17,79
2021-04-18,83
2021-04-19,85
2021-04-20,76
2021-04-21,71
2021-04-22,79
2021-04-23,73
2021-04-24,82
2021-04-25,77
2021-04-26,72
2021-04-27,72
2021-04-28,80
2021-04-29,71
2021-04-30,74
2021-05-01,64
2021-05-02,64
2021-05-03,62
2021-05-04,62
2021-05-05,68
2021-05-06,59
2021-05-07,51
2021-05-08,79
2021-05-09,88
2021-05-10,69
2021-05-11,74
2021-05-12,80
2021-05-13,99
2021-05-14,83
2021-05-15,86
2021-05-16,84
2021-05-17,71
2021-05-18,69
2021-05-19,77
2021-05-20,78
2021-05-21,83
2021-05-22,88
2021-05-23,100
2021-05-24,83
2021-05-25,70
2021-05-26,65
2021-05-27,72
2021-05-28,66
2021-05-29,77
2021-05-30,79
2021-05-31,74
